2025-10-23 14:20:09 | INFO     | APP      |                     | Stopping REST Server
2025-10-23 14:20:09 | INFO     | APP      |                     | Окончание работы системы
2025-10-23 14:20:28 | DEBUG    | DB       |                     | [3.931ms] [rows:0] SELECT * FROM "auth_config_files" WHERE "auth_config_files"."config_key" = 'auth'
2025-10-23 14:20:28 | DEBUG    | DB       |                     | [8.813ms] [rows:1] SELECT * FROM "auth_configs" WHERE key = 'auth' ORDER BY "auth_configs"."key" LIMIT 1
2025-10-23 14:20:28 | DEBUG    | DB       |                     | [3.667ms] [rows:0] SELECT * FROM "auth_config_files" WHERE "auth_config_files"."config_key" = 'audit'
2025-10-23 14:20:28 | DEBUG    | DB       |                     | [6.725ms] [rows:1] SELECT * FROM "auth_configs" WHERE key = 'audit' ORDER BY "auth_configs"."key" LIMIT 1
2025-10-23 14:20:28 | INFO     | APP      |                     | Начало работы системы
2025-10-23 14:20:28 | DEBUG    | DB       |                     | [9.205ms] [rows:0] ALTER SEQUENCE public.auth_users_id_seq RESTART WITH 1024
2025-10-23 14:20:28 | DEBUG    | DB       |                     | [8.145ms] [rows:10] SELECT * FROM "auth_permissions"
2025-10-23 14:20:28 | DEBUG    | DB       |                     | [2.969ms] [rows:10] SELECT * FROM "auth_permissions"
2025-10-23 14:20:28 | DEBUG    | DB       |                     | [7.431ms] [rows:1] SELECT * FROM "auth_roles" WHERE name = 'SuperAdmin' ORDER BY "auth_roles"."id" LIMIT 1
2025-10-23 14:20:28 | DEBUG    | DB       |                     | [3.640ms] [rows:1] SELECT * FROM "auth_roles" WHERE name = 'LdapBroker' ORDER BY "auth_roles"."id" LIMIT 1
2025-10-23 14:20:28 | DEBUG    | DB       |                     | [8.163ms] [rows:0] DELETE FROM "auth_role_permissions" WHERE role_id IN (1,2) AND permission_id NOT IN (1,2,3,4,5,6,7,8,9,10)
2025-10-23 14:20:28 | DEBUG    | DB       |                     | [7.987ms] [rows:1] INSERT INTO "auth_role_permissions" ("role_id","permission_id","read","write","exec") VALUES (1,1,true,true,true) ON CONFLICT ("role_id","permission_id") DO UPDATE SET "read"="excluded"."read","write"="excluded"."write","exec"="excluded"."exec" RETURNING *
2025-10-23 14:20:28 | DEBUG    | DB       |                     | [3.236ms] [rows:1] INSERT INTO "auth_role_permissions" ("role_id","permission_id","read","write","exec") VALUES (2,1,true,true,true) ON CONFLICT ("role_id","permission_id") DO UPDATE SET "read"="excluded"."read","write"="excluded"."write","exec"="excluded"."exec" RETURNING *
2025-10-23 14:20:28 | DEBUG    | DB       |                     | [3.504ms] [rows:1] INSERT INTO "auth_role_permissions" ("role_id","permission_id","read","write","exec") VALUES (1,2,true,true,true) ON CONFLICT ("role_id","permission_id") DO UPDATE SET "read"="excluded"."read","write"="excluded"."write","exec"="excluded"."exec" RETURNING *
2025-10-23 14:20:28 | DEBUG    | DB       |                     | [3.617ms] [rows:1] INSERT INTO "auth_role_permissions" ("role_id","permission_id","read","write","exec") VALUES (2,2,true,true,true) ON CONFLICT ("role_id","permission_id") DO UPDATE SET "read"="excluded"."read","write"="excluded"."write","exec"="excluded"."exec" RETURNING *
2025-10-23 14:20:28 | DEBUG    | DB       |                     | [3.297ms] [rows:1] INSERT INTO "auth_role_permissions" ("role_id","permission_id","read","write","exec") VALUES (1,3,true,true,true) ON CONFLICT ("role_id","permission_id") DO UPDATE SET "read"="excluded"."read","write"="excluded"."write","exec"="excluded"."exec" RETURNING *
2025-10-23 14:20:28 | DEBUG    | DB       |                     | [3.518ms] [rows:1] INSERT INTO "auth_role_permissions" ("role_id","permission_id","read","write","exec") VALUES (2,3,true,true,true) ON CONFLICT ("role_id","permission_id") DO UPDATE SET "read"="excluded"."read","write"="excluded"."write","exec"="excluded"."exec" RETURNING *
2025-10-23 14:20:28 | DEBUG    | DB       |                     | [3.275ms] [rows:1] INSERT INTO "auth_role_permissions" ("role_id","permission_id","read","write","exec") VALUES (1,4,true,true,true) ON CONFLICT ("role_id","permission_id") DO UPDATE SET "read"="excluded"."read","write"="excluded"."write","exec"="excluded"."exec" RETURNING *
2025-10-23 14:20:28 | DEBUG    | DB       |                     | [3.357ms] [rows:1] INSERT INTO "auth_role_permissions" ("role_id","permission_id","read","write","exec") VALUES (2,4,true,true,true) ON CONFLICT ("role_id","permission_id") DO UPDATE SET "read"="excluded"."read","write"="excluded"."write","exec"="excluded"."exec" RETURNING *
2025-10-23 14:20:28 | DEBUG    | DB       |                     | [3.289ms] [rows:1] INSERT INTO "auth_role_permissions" ("role_id","permission_id","read","write","exec") VALUES (1,5,true,true,true) ON CONFLICT ("role_id","permission_id") DO UPDATE SET "read"="excluded"."read","write"="excluded"."write","exec"="excluded"."exec" RETURNING *
2025-10-23 14:20:28 | DEBUG    | DB       |                     | [3.633ms] [rows:1] INSERT INTO "auth_role_permissions" ("role_id","permission_id","read","write","exec") VALUES (2,5,true,true,true) ON CONFLICT ("role_id","permission_id") DO UPDATE SET "read"="excluded"."read","write"="excluded"."write","exec"="excluded"."exec" RETURNING *
2025-10-23 14:20:28 | DEBUG    | DB       |                     | [3.398ms] [rows:1] INSERT INTO "auth_role_permissions" ("role_id","permission_id","read","write","exec") VALUES (1,6,true,true,true) ON CONFLICT ("role_id","permission_id") DO UPDATE SET "read"="excluded"."read","write"="excluded"."write","exec"="excluded"."exec" RETURNING *
2025-10-23 14:20:28 | DEBUG    | DB       |                     | [3.165ms] [rows:1] INSERT INTO "auth_role_permissions" ("role_id","permission_id","read","write","exec") VALUES (2,6,true,true,true) ON CONFLICT ("role_id","permission_id") DO UPDATE SET "read"="excluded"."read","write"="excluded"."write","exec"="excluded"."exec" RETURNING *
2025-10-23 14:20:28 | DEBUG    | DB       |                     | [3.043ms] [rows:1] INSERT INTO "auth_role_permissions" ("role_id","permission_id","read","write","exec") VALUES (1,7,true,true,true) ON CONFLICT ("role_id","permission_id") DO UPDATE SET "read"="excluded"."read","write"="excluded"."write","exec"="excluded"."exec" RETURNING *
2025-10-23 14:20:28 | DEBUG    | DB       |                     | [3.694ms] [rows:1] INSERT INTO "auth_role_permissions" ("role_id","permission_id","read","write","exec") VALUES (2,7,true,true,true) ON CONFLICT ("role_id","permission_id") DO UPDATE SET "read"="excluded"."read","write"="excluded"."write","exec"="excluded"."exec" RETURNING *
2025-10-23 14:20:28 | DEBUG    | DB       |                     | [4.184ms] [rows:1] INSERT INTO "auth_role_permissions" ("role_id","permission_id","read","write","exec") VALUES (1,8,true,true,true) ON CONFLICT ("role_id","permission_id") DO UPDATE SET "read"="excluded"."read","write"="excluded"."write","exec"="excluded"."exec" RETURNING *
2025-10-23 14:20:28 | DEBUG    | DB       |                     | [6.258ms] [rows:1] INSERT INTO "auth_role_permissions" ("role_id","permission_id","read","write","exec") VALUES (2,8,true,true,true) ON CONFLICT ("role_id","permission_id") DO UPDATE SET "read"="excluded"."read","write"="excluded"."write","exec"="excluded"."exec" RETURNING *
2025-10-23 14:20:28 | DEBUG    | DB       |                     | [3.281ms] [rows:1] INSERT INTO "auth_role_permissions" ("role_id","permission_id","read","write","exec") VALUES (1,9,true,true,true) ON CONFLICT ("role_id","permission_id") DO UPDATE SET "read"="excluded"."read","write"="excluded"."write","exec"="excluded"."exec" RETURNING *
2025-10-23 14:20:28 | DEBUG    | DB       |                     | [3.247ms] [rows:1] INSERT INTO "auth_role_permissions" ("role_id","permission_id","read","write","exec") VALUES (2,9,true,true,true) ON CONFLICT ("role_id","permission_id") DO UPDATE SET "read"="excluded"."read","write"="excluded"."write","exec"="excluded"."exec" RETURNING *
2025-10-23 14:20:28 | DEBUG    | DB       |                     | [3.919ms] [rows:1] INSERT INTO "auth_role_permissions" ("role_id","permission_id","read","write","exec") VALUES (1,10,true,true,true) ON CONFLICT ("role_id","permission_id") DO UPDATE SET "read"="excluded"."read","write"="excluded"."write","exec"="excluded"."exec" RETURNING *
2025-10-23 14:20:28 | DEBUG    | DB       |                     | [3.534ms] [rows:1] INSERT INTO "auth_role_permissions" ("role_id","permission_id","read","write","exec") VALUES (2,10,true,true,true) ON CONFLICT ("role_id","permission_id") DO UPDATE SET "read"="excluded"."read","write"="excluded"."write","exec"="excluded"."exec" RETURNING *
2025-10-23 14:20:28 | DEBUG    | DB       |                     | [7.355ms] [rows:1] SELECT * FROM "auth_user_roles" WHERE role_id = 1 ORDER BY "auth_user_roles"."user_id" LIMIT 1
2025-10-23 14:20:28 | DEBUG    | DB       |                     | [7.732ms] [rows:1] SELECT * FROM "auth_users" WHERE login = 'admin' ORDER BY "auth_users"."id" LIMIT 1
2025-10-23 14:20:28 | DEBUG    | DB       |                     | [8.701ms] [rows:1] SELECT * FROM "auth_users" WHERE "id" = 1024 ORDER BY "auth_users"."id" LIMIT 1
2025-10-23 14:20:28 | DEBUG    | DB       |                     | [11.630ms] [rows:0] SELECT "auth_tasks"."id","auth_tasks"."name","auth_tasks"."type","auth_tasks"."user_id","auth_tasks"."status","auth_tasks"."created_at","auth_tasks"."updated_at" FROM "auth_tasks" WHERE status IN ('running','pending') ORDER BY auth_tasks."created_at" ASC
2025-10-23 14:20:28 | DEBUG    | DB       |                     | [8.198ms] [rows:1] SELECT * FROM "auth_profiles" WHERE user_id = 1024 ORDER BY "auth_profiles"."id" LIMIT 1
2025-10-23 14:20:28 | DEBUG    | DB       |                     | [7.051ms] [rows:3] SELECT * FROM "auth_configs"
2025-10-23 14:20:28 | INFO     | APP      |                     | Starting REST Server
2025-10-23 14:20:59 | INFO     | APP      |                     | Stopping REST Server
2025-10-23 14:20:59 | INFO     | APP      |                     | Окончание работы системы
2025-10-23 14:21:03 | DEBUG    | DB       |                     | [3.407ms] [rows:0] SELECT * FROM "auth_config_files" WHERE "auth_config_files"."config_key" = 'auth'
2025-10-23 14:21:03 | DEBUG    | DB       |                     | [8.151ms] [rows:1] SELECT * FROM "auth_configs" WHERE key = 'auth' ORDER BY "auth_configs"."key" LIMIT 1
2025-10-23 14:21:03 | DEBUG    | DB       |                     | [3.758ms] [rows:0] SELECT * FROM "auth_config_files" WHERE "auth_config_files"."config_key" = 'audit'
2025-10-23 14:21:03 | DEBUG    | DB       |                     | [7.863ms] [rows:1] SELECT * FROM "auth_configs" WHERE key = 'audit' ORDER BY "auth_configs"."key" LIMIT 1
2025-10-23 14:21:03 | INFO     | APP      |                     | Начало работы системы
2025-10-23 14:21:03 | DEBUG    | DB       |                     | [11.333ms] [rows:0] ALTER SEQUENCE public.auth_users_id_seq RESTART WITH 1024
2025-10-23 14:21:03 | DEBUG    | DB       |                     | [8.526ms] [rows:10] SELECT * FROM "auth_permissions"
2025-10-23 14:21:03 | DEBUG    | DB       |                     | [3.948ms] [rows:10] SELECT * FROM "auth_permissions"
2025-10-23 14:21:03 | DEBUG    | DB       |                     | [8.241ms] [rows:1] SELECT * FROM "auth_roles" WHERE name = 'SuperAdmin' ORDER BY "auth_roles"."id" LIMIT 1
2025-10-23 14:21:03 | DEBUG    | DB       |                     | [4.194ms] [rows:1] SELECT * FROM "auth_roles" WHERE name = 'LdapBroker' ORDER BY "auth_roles"."id" LIMIT 1
2025-10-23 14:21:03 | DEBUG    | DB       |                     | [8.700ms] [rows:0] DELETE FROM "auth_role_permissions" WHERE role_id IN (1,2) AND permission_id NOT IN (1,2,3,4,5,6,7,8,9,10)
2025-10-23 14:21:03 | DEBUG    | DB       |                     | [8.190ms] [rows:1] INSERT INTO "auth_role_permissions" ("role_id","permission_id","read","write","exec") VALUES (1,1,true,true,true) ON CONFLICT ("role_id","permission_id") DO UPDATE SET "read"="excluded"."read","write"="excluded"."write","exec"="excluded"."exec" RETURNING *
2025-10-23 14:21:03 | DEBUG    | DB       |                     | [4.235ms] [rows:1] INSERT INTO "auth_role_permissions" ("role_id","permission_id","read","write","exec") VALUES (2,1,true,true,true) ON CONFLICT ("role_id","permission_id") DO UPDATE SET "read"="excluded"."read","write"="excluded"."write","exec"="excluded"."exec" RETURNING *
2025-10-23 14:21:03 | DEBUG    | DB       |                     | [4.313ms] [rows:1] INSERT INTO "auth_role_permissions" ("role_id","permission_id","read","write","exec") VALUES (1,2,true,true,true) ON CONFLICT ("role_id","permission_id") DO UPDATE SET "read"="excluded"."read","write"="excluded"."write","exec"="excluded"."exec" RETURNING *
2025-10-23 14:21:03 | DEBUG    | DB       |                     | [3.549ms] [rows:1] INSERT INTO "auth_role_permissions" ("role_id","permission_id","read","write","exec") VALUES (2,2,true,true,true) ON CONFLICT ("role_id","permission_id") DO UPDATE SET "read"="excluded"."read","write"="excluded"."write","exec"="excluded"."exec" RETURNING *
2025-10-23 14:21:03 | DEBUG    | DB       |                     | [4.509ms] [rows:1] INSERT INTO "auth_role_permissions" ("role_id","permission_id","read","write","exec") VALUES (1,3,true,true,true) ON CONFLICT ("role_id","permission_id") DO UPDATE SET "read"="excluded"."read","write"="excluded"."write","exec"="excluded"."exec" RETURNING *
2025-10-23 14:21:03 | DEBUG    | DB       |                     | [8.047ms] [rows:1] INSERT INTO "auth_role_permissions" ("role_id","permission_id","read","write","exec") VALUES (2,3,true,true,true) ON CONFLICT ("role_id","permission_id") DO UPDATE SET "read"="excluded"."read","write"="excluded"."write","exec"="excluded"."exec" RETURNING *
2025-10-23 14:21:03 | DEBUG    | DB       |                     | [4.116ms] [rows:1] INSERT INTO "auth_role_permissions" ("role_id","permission_id","read","write","exec") VALUES (1,4,true,true,true) ON CONFLICT ("role_id","permission_id") DO UPDATE SET "read"="excluded"."read","write"="excluded"."write","exec"="excluded"."exec" RETURNING *
2025-10-23 14:21:03 | DEBUG    | DB       |                     | [3.095ms] [rows:1] INSERT INTO "auth_role_permissions" ("role_id","permission_id","read","write","exec") VALUES (2,4,true,true,true) ON CONFLICT ("role_id","permission_id") DO UPDATE SET "read"="excluded"."read","write"="excluded"."write","exec"="excluded"."exec" RETURNING *
2025-10-23 14:21:03 | DEBUG    | DB       |                     | [3.840ms] [rows:1] INSERT INTO "auth_role_permissions" ("role_id","permission_id","read","write","exec") VALUES (1,5,true,true,true) ON CONFLICT ("role_id","permission_id") DO UPDATE SET "read"="excluded"."read","write"="excluded"."write","exec"="excluded"."exec" RETURNING *
2025-10-23 14:21:03 | DEBUG    | DB       |                     | [3.938ms] [rows:1] INSERT INTO "auth_role_permissions" ("role_id","permission_id","read","write","exec") VALUES (2,5,true,true,true) ON CONFLICT ("role_id","permission_id") DO UPDATE SET "read"="excluded"."read","write"="excluded"."write","exec"="excluded"."exec" RETURNING *
2025-10-23 14:21:03 | DEBUG    | DB       |                     | [3.971ms] [rows:1] INSERT INTO "auth_role_permissions" ("role_id","permission_id","read","write","exec") VALUES (1,6,true,true,true) ON CONFLICT ("role_id","permission_id") DO UPDATE SET "read"="excluded"."read","write"="excluded"."write","exec"="excluded"."exec" RETURNING *
2025-10-23 14:21:03 | DEBUG    | DB       |                     | [4.255ms] [rows:1] INSERT INTO "auth_role_permissions" ("role_id","permission_id","read","write","exec") VALUES (2,6,true,true,true) ON CONFLICT ("role_id","permission_id") DO UPDATE SET "read"="excluded"."read","write"="excluded"."write","exec"="excluded"."exec" RETURNING *
2025-10-23 14:21:03 | DEBUG    | DB       |                     | [3.830ms] [rows:1] INSERT INTO "auth_role_permissions" ("role_id","permission_id","read","write","exec") VALUES (1,7,true,true,true) ON CONFLICT ("role_id","permission_id") DO UPDATE SET "read"="excluded"."read","write"="excluded"."write","exec"="excluded"."exec" RETURNING *
2025-10-23 14:21:03 | DEBUG    | DB       |                     | [3.875ms] [rows:1] INSERT INTO "auth_role_permissions" ("role_id","permission_id","read","write","exec") VALUES (2,7,true,true,true) ON CONFLICT ("role_id","permission_id") DO UPDATE SET "read"="excluded"."read","write"="excluded"."write","exec"="excluded"."exec" RETURNING *
2025-10-23 14:21:03 | DEBUG    | DB       |                     | [3.979ms] [rows:1] INSERT INTO "auth_role_permissions" ("role_id","permission_id","read","write","exec") VALUES (1,8,true,true,true) ON CONFLICT ("role_id","permission_id") DO UPDATE SET "read"="excluded"."read","write"="excluded"."write","exec"="excluded"."exec" RETURNING *
2025-10-23 14:21:03 | DEBUG    | DB       |                     | [4.052ms] [rows:1] INSERT INTO "auth_role_permissions" ("role_id","permission_id","read","write","exec") VALUES (2,8,true,true,true) ON CONFLICT ("role_id","permission_id") DO UPDATE SET "read"="excluded"."read","write"="excluded"."write","exec"="excluded"."exec" RETURNING *
2025-10-23 14:21:03 | DEBUG    | DB       |                     | [3.573ms] [rows:1] INSERT INTO "auth_role_permissions" ("role_id","permission_id","read","write","exec") VALUES (1,9,true,true,true) ON CONFLICT ("role_id","permission_id") DO UPDATE SET "read"="excluded"."read","write"="excluded"."write","exec"="excluded"."exec" RETURNING *
2025-10-23 14:21:03 | DEBUG    | DB       |                     | [3.420ms] [rows:1] INSERT INTO "auth_role_permissions" ("role_id","permission_id","read","write","exec") VALUES (2,9,true,true,true) ON CONFLICT ("role_id","permission_id") DO UPDATE SET "read"="excluded"."read","write"="excluded"."write","exec"="excluded"."exec" RETURNING *
2025-10-23 14:21:03 | DEBUG    | DB       |                     | [4.175ms] [rows:1] INSERT INTO "auth_role_permissions" ("role_id","permission_id","read","write","exec") VALUES (1,10,true,true,true) ON CONFLICT ("role_id","permission_id") DO UPDATE SET "read"="excluded"."read","write"="excluded"."write","exec"="excluded"."exec" RETURNING *
2025-10-23 14:21:03 | DEBUG    | DB       |                     | [3.836ms] [rows:1] INSERT INTO "auth_role_permissions" ("role_id","permission_id","read","write","exec") VALUES (2,10,true,true,true) ON CONFLICT ("role_id","permission_id") DO UPDATE SET "read"="excluded"."read","write"="excluded"."write","exec"="excluded"."exec" RETURNING *
2025-10-23 14:21:03 | DEBUG    | DB       |                     | [8.650ms] [rows:1] SELECT * FROM "auth_user_roles" WHERE role_id = 1 ORDER BY "auth_user_roles"."user_id" LIMIT 1
2025-10-23 14:21:03 | DEBUG    | DB       |                     | [8.749ms] [rows:1] SELECT * FROM "auth_users" WHERE login = 'admin' ORDER BY "auth_users"."id" LIMIT 1
2025-10-23 14:21:03 | DEBUG    | DB       |                     | [8.020ms] [rows:1] SELECT * FROM "auth_users" WHERE "id" = 1024 ORDER BY "auth_users"."id" LIMIT 1
2025-10-23 14:21:03 | DEBUG    | DB       |                     | [8.193ms] [rows:0] SELECT "auth_tasks"."id","auth_tasks"."name","auth_tasks"."type","auth_tasks"."user_id","auth_tasks"."status","auth_tasks"."created_at","auth_tasks"."updated_at" FROM "auth_tasks" WHERE status IN ('running','pending') ORDER BY auth_tasks."created_at" ASC
2025-10-23 14:21:03 | DEBUG    | DB       |                     | [8.993ms] [rows:1] SELECT * FROM "auth_profiles" WHERE user_id = 1024 ORDER BY "auth_profiles"."id" LIMIT 1
2025-10-23 14:21:03 | DEBUG    | DB       |                     | [7.777ms] [rows:3] SELECT * FROM "auth_configs"
2025-10-23 14:21:03 | INFO     | APP      |                     | Starting REST Server
2025-10-23 14:22:03 | DEBUG    | DB       |                     | [16.699ms] [rows:0] DELETE FROM "auth_users_blocked" WHERE blocked_at <= '2025-10-23 10:22:03.446'
2025-10-23 14:22:34 | INFO     | APP      |                     | Stopping REST Server
2025-10-23 14:22:34 | INFO     | APP      |                     | Окончание работы системы
2025-10-23 14:22:35 | DEBUG    | DB       |                     | [3.564ms] [rows:0] SELECT * FROM "auth_config_files" WHERE "auth_config_files"."config_key" = 'auth'
2025-10-23 14:22:35 | DEBUG    | DB       |                     | [7.450ms] [rows:1] SELECT * FROM "auth_configs" WHERE key = 'auth' ORDER BY "auth_configs"."key" LIMIT 1
2025-10-23 14:22:35 | DEBUG    | DB       |                     | [3.000ms] [rows:0] SELECT * FROM "auth_config_files" WHERE "auth_config_files"."config_key" = 'audit'
2025-10-23 14:22:35 | DEBUG    | DB       |                     | [6.118ms] [rows:1] SELECT * FROM "auth_configs" WHERE key = 'audit' ORDER BY "auth_configs"."key" LIMIT 1
2025-10-23 14:22:35 | INFO     | APP      |                     | Начало работы системы
2025-10-23 14:22:35 | DEBUG    | DB       |                     | [9.017ms] [rows:0] ALTER SEQUENCE public.auth_users_id_seq RESTART WITH 1024
2025-10-23 14:22:35 | DEBUG    | DB       |                     | [7.750ms] [rows:10] SELECT * FROM "auth_permissions"
2025-10-23 14:22:35 | DEBUG    | DB       |                     | [3.891ms] [rows:10] SELECT * FROM "auth_permissions"
2025-10-23 14:22:35 | DEBUG    | DB       |                     | [8.076ms] [rows:1] SELECT * FROM "auth_roles" WHERE name = 'SuperAdmin' ORDER BY "auth_roles"."id" LIMIT 1
2025-10-23 14:22:35 | DEBUG    | DB       |                     | [3.673ms] [rows:1] SELECT * FROM "auth_roles" WHERE name = 'LdapBroker' ORDER BY "auth_roles"."id" LIMIT 1
2025-10-23 14:22:35 | DEBUG    | DB       |                     | [7.256ms] [rows:0] DELETE FROM "auth_role_permissions" WHERE role_id IN (1,2) AND permission_id NOT IN (1,2,3,4,5,6,7,8,9,10)
2025-10-23 14:22:35 | DEBUG    | DB       |                     | [7.976ms] [rows:1] INSERT INTO "auth_role_permissions" ("role_id","permission_id","read","write","exec") VALUES (1,1,true,true,true) ON CONFLICT ("role_id","permission_id") DO UPDATE SET "read"="excluded"."read","write"="excluded"."write","exec"="excluded"."exec" RETURNING *
2025-10-23 14:22:35 | DEBUG    | DB       |                     | [2.869ms] [rows:1] INSERT INTO "auth_role_permissions" ("role_id","permission_id","read","write","exec") VALUES (2,1,true,true,true) ON CONFLICT ("role_id","permission_id") DO UPDATE SET "read"="excluded"."read","write"="excluded"."write","exec"="excluded"."exec" RETURNING *
2025-10-23 14:22:35 | DEBUG    | DB       |                     | [3.114ms] [rows:1] INSERT INTO "auth_role_permissions" ("role_id","permission_id","read","write","exec") VALUES (1,2,true,true,true) ON CONFLICT ("role_id","permission_id") DO UPDATE SET "read"="excluded"."read","write"="excluded"."write","exec"="excluded"."exec" RETURNING *
2025-10-23 14:22:35 | DEBUG    | DB       |                     | [3.750ms] [rows:1] INSERT INTO "auth_role_permissions" ("role_id","permission_id","read","write","exec") VALUES (2,2,true,true,true) ON CONFLICT ("role_id","permission_id") DO UPDATE SET "read"="excluded"."read","write"="excluded"."write","exec"="excluded"."exec" RETURNING *
2025-10-23 14:22:35 | DEBUG    | DB       |                     | [3.557ms] [rows:1] INSERT INTO "auth_role_permissions" ("role_id","permission_id","read","write","exec") VALUES (1,3,true,true,true) ON CONFLICT ("role_id","permission_id") DO UPDATE SET "read"="excluded"."read","write"="excluded"."write","exec"="excluded"."exec" RETURNING *
2025-10-23 14:22:35 | DEBUG    | DB       |                     | [3.972ms] [rows:1] INSERT INTO "auth_role_permissions" ("role_id","permission_id","read","write","exec") VALUES (2,3,true,true,true) ON CONFLICT ("role_id","permission_id") DO UPDATE SET "read"="excluded"."read","write"="excluded"."write","exec"="excluded"."exec" RETURNING *
2025-10-23 14:22:35 | DEBUG    | DB       |                     | [3.934ms] [rows:1] INSERT INTO "auth_role_permissions" ("role_id","permission_id","read","write","exec") VALUES (1,4,true,true,true) ON CONFLICT ("role_id","permission_id") DO UPDATE SET "read"="excluded"."read","write"="excluded"."write","exec"="excluded"."exec" RETURNING *
2025-10-23 14:22:35 | DEBUG    | DB       |                     | [3.766ms] [rows:1] INSERT INTO "auth_role_permissions" ("role_id","permission_id","read","write","exec") VALUES (2,4,true,true,true) ON CONFLICT ("role_id","permission_id") DO UPDATE SET "read"="excluded"."read","write"="excluded"."write","exec"="excluded"."exec" RETURNING *
2025-10-23 14:22:35 | DEBUG    | DB       |                     | [3.291ms] [rows:1] INSERT INTO "auth_role_permissions" ("role_id","permission_id","read","write","exec") VALUES (1,5,true,true,true) ON CONFLICT ("role_id","permission_id") DO UPDATE SET "read"="excluded"."read","write"="excluded"."write","exec"="excluded"."exec" RETURNING *
2025-10-23 14:22:35 | DEBUG    | DB       |                     | [3.562ms] [rows:1] INSERT INTO "auth_role_permissions" ("role_id","permission_id","read","write","exec") VALUES (2,5,true,true,true) ON CONFLICT ("role_id","permission_id") DO UPDATE SET "read"="excluded"."read","write"="excluded"."write","exec"="excluded"."exec" RETURNING *
2025-10-23 14:22:35 | DEBUG    | DB       |                     | [3.243ms] [rows:1] INSERT INTO "auth_role_permissions" ("role_id","permission_id","read","write","exec") VALUES (1,6,true,true,true) ON CONFLICT ("role_id","permission_id") DO UPDATE SET "read"="excluded"."read","write"="excluded"."write","exec"="excluded"."exec" RETURNING *
2025-10-23 14:22:35 | DEBUG    | DB       |                     | [3.239ms] [rows:1] INSERT INTO "auth_role_permissions" ("role_id","permission_id","read","write","exec") VALUES (2,6,true,true,true) ON CONFLICT ("role_id","permission_id") DO UPDATE SET "read"="excluded"."read","write"="excluded"."write","exec"="excluded"."exec" RETURNING *
2025-10-23 14:22:35 | DEBUG    | DB       |                     | [3.641ms] [rows:1] INSERT INTO "auth_role_permissions" ("role_id","permission_id","read","write","exec") VALUES (1,7,true,true,true) ON CONFLICT ("role_id","permission_id") DO UPDATE SET "read"="excluded"."read","write"="excluded"."write","exec"="excluded"."exec" RETURNING *
2025-10-23 14:22:35 | DEBUG    | DB       |                     | [3.479ms] [rows:1] INSERT INTO "auth_role_permissions" ("role_id","permission_id","read","write","exec") VALUES (2,7,true,true,true) ON CONFLICT ("role_id","permission_id") DO UPDATE SET "read"="excluded"."read","write"="excluded"."write","exec"="excluded"."exec" RETURNING *
2025-10-23 14:22:35 | DEBUG    | DB       |                     | [3.496ms] [rows:1] INSERT INTO "auth_role_permissions" ("role_id","permission_id","read","write","exec") VALUES (1,8,true,true,true) ON CONFLICT ("role_id","permission_id") DO UPDATE SET "read"="excluded"."read","write"="excluded"."write","exec"="excluded"."exec" RETURNING *
2025-10-23 14:22:35 | DEBUG    | DB       |                     | [3.273ms] [rows:1] INSERT INTO "auth_role_permissions" ("role_id","permission_id","read","write","exec") VALUES (2,8,true,true,true) ON CONFLICT ("role_id","permission_id") DO UPDATE SET "read"="excluded"."read","write"="excluded"."write","exec"="excluded"."exec" RETURNING *
2025-10-23 14:22:35 | DEBUG    | DB       |                     | [3.571ms] [rows:1] INSERT INTO "auth_role_permissions" ("role_id","permission_id","read","write","exec") VALUES (1,9,true,true,true) ON CONFLICT ("role_id","permission_id") DO UPDATE SET "read"="excluded"."read","write"="excluded"."write","exec"="excluded"."exec" RETURNING *
2025-10-23 14:22:35 | DEBUG    | DB       |                     | [2.768ms] [rows:1] INSERT INTO "auth_role_permissions" ("role_id","permission_id","read","write","exec") VALUES (2,9,true,true,true) ON CONFLICT ("role_id","permission_id") DO UPDATE SET "read"="excluded"."read","write"="excluded"."write","exec"="excluded"."exec" RETURNING *
2025-10-23 14:22:35 | DEBUG    | DB       |                     | [4.418ms] [rows:1] INSERT INTO "auth_role_permissions" ("role_id","permission_id","read","write","exec") VALUES (1,10,true,true,true) ON CONFLICT ("role_id","permission_id") DO UPDATE SET "read"="excluded"."read","write"="excluded"."write","exec"="excluded"."exec" RETURNING *
2025-10-23 14:22:35 | DEBUG    | DB       |                     | [3.427ms] [rows:1] INSERT INTO "auth_role_permissions" ("role_id","permission_id","read","write","exec") VALUES (2,10,true,true,true) ON CONFLICT ("role_id","permission_id") DO UPDATE SET "read"="excluded"."read","write"="excluded"."write","exec"="excluded"."exec" RETURNING *
2025-10-23 14:22:35 | DEBUG    | DB       |                     | [7.679ms] [rows:1] SELECT * FROM "auth_user_roles" WHERE role_id = 1 ORDER BY "auth_user_roles"."user_id" LIMIT 1
2025-10-23 14:22:35 | DEBUG    | DB       |                     | [6.998ms] [rows:1] SELECT * FROM "auth_users" WHERE login = 'admin' ORDER BY "auth_users"."id" LIMIT 1
2025-10-23 14:22:35 | DEBUG    | DB       |                     | [7.524ms] [rows:1] SELECT * FROM "auth_users" WHERE "id" = 1024 ORDER BY "auth_users"."id" LIMIT 1
2025-10-23 14:22:35 | DEBUG    | DB       |                     | [8.190ms] [rows:0] SELECT "auth_tasks"."id","auth_tasks"."name","auth_tasks"."type","auth_tasks"."user_id","auth_tasks"."status","auth_tasks"."created_at","auth_tasks"."updated_at" FROM "auth_tasks" WHERE status IN ('running','pending') ORDER BY auth_tasks."created_at" ASC
2025-10-23 14:22:36 | DEBUG    | DB       |                     | [8.916ms] [rows:1] SELECT * FROM "auth_profiles" WHERE user_id = 1024 ORDER BY "auth_profiles"."id" LIMIT 1
2025-10-23 14:22:36 | DEBUG    | DB       |                     | [9.185ms] [rows:3] SELECT * FROM "auth_configs"
2025-10-23 14:22:36 | INFO     | APP      |                     | Starting REST Server
2025-10-23 14:22:43 | INFO     | APP      |                     | Stopping REST Server
2025-10-23 14:22:43 | INFO     | APP      |                     | Окончание работы системы
2025-10-23 14:22:44 | DEBUG    | DB       |                     | [4.232ms] [rows:0] SELECT * FROM "auth_config_files" WHERE "auth_config_files"."config_key" = 'auth'
2025-10-23 14:22:44 | DEBUG    | DB       |                     | [8.173ms] [rows:1] SELECT * FROM "auth_configs" WHERE key = 'auth' ORDER BY "auth_configs"."key" LIMIT 1
2025-10-23 14:22:44 | DEBUG    | DB       |                     | [3.409ms] [rows:0] SELECT * FROM "auth_config_files" WHERE "auth_config_files"."config_key" = 'audit'
2025-10-23 14:22:44 | DEBUG    | DB       |                     | [7.673ms] [rows:1] SELECT * FROM "auth_configs" WHERE key = 'audit' ORDER BY "auth_configs"."key" LIMIT 1
2025-10-23 14:22:44 | INFO     | APP      |                     | Начало работы системы
2025-10-23 14:22:44 | DEBUG    | DB       |                     | [10.193ms] [rows:0] ALTER SEQUENCE public.auth_users_id_seq RESTART WITH 1024
2025-10-23 14:22:44 | DEBUG    | DB       |                     | [10.204ms] [rows:10] SELECT * FROM "auth_permissions"
2025-10-23 14:22:44 | DEBUG    | DB       |                     | [4.684ms] [rows:10] SELECT * FROM "auth_permissions"
2025-10-23 14:22:44 | DEBUG    | DB       |                     | [9.317ms] [rows:1] SELECT * FROM "auth_roles" WHERE name = 'SuperAdmin' ORDER BY "auth_roles"."id" LIMIT 1
2025-10-23 14:22:44 | DEBUG    | DB       |                     | [4.414ms] [rows:1] SELECT * FROM "auth_roles" WHERE name = 'LdapBroker' ORDER BY "auth_roles"."id" LIMIT 1
2025-10-23 14:22:44 | DEBUG    | DB       |                     | [9.255ms] [rows:0] DELETE FROM "auth_role_permissions" WHERE role_id IN (1,2) AND permission_id NOT IN (1,2,3,4,5,6,7,8,9,10)
2025-10-23 14:22:44 | DEBUG    | DB       |                     | [7.729ms] [rows:1] INSERT INTO "auth_role_permissions" ("role_id","permission_id","read","write","exec") VALUES (1,1,true,true,true) ON CONFLICT ("role_id","permission_id") DO UPDATE SET "read"="excluded"."read","write"="excluded"."write","exec"="excluded"."exec" RETURNING *
2025-10-23 14:22:44 | DEBUG    | DB       |                     | [3.138ms] [rows:1] INSERT INTO "auth_role_permissions" ("role_id","permission_id","read","write","exec") VALUES (2,1,true,true,true) ON CONFLICT ("role_id","permission_id") DO UPDATE SET "read"="excluded"."read","write"="excluded"."write","exec"="excluded"."exec" RETURNING *
2025-10-23 14:22:44 | DEBUG    | DB       |                     | [3.656ms] [rows:1] INSERT INTO "auth_role_permissions" ("role_id","permission_id","read","write","exec") VALUES (1,2,true,true,true) ON CONFLICT ("role_id","permission_id") DO UPDATE SET "read"="excluded"."read","write"="excluded"."write","exec"="excluded"."exec" RETURNING *
2025-10-23 14:22:44 | DEBUG    | DB       |                     | [3.836ms] [rows:1] INSERT INTO "auth_role_permissions" ("role_id","permission_id","read","write","exec") VALUES (2,2,true,true,true) ON CONFLICT ("role_id","permission_id") DO UPDATE SET "read"="excluded"."read","write"="excluded"."write","exec"="excluded"."exec" RETURNING *
2025-10-23 14:22:44 | DEBUG    | DB       |                     | [3.786ms] [rows:1] INSERT INTO "auth_role_permissions" ("role_id","permission_id","read","write","exec") VALUES (1,3,true,true,true) ON CONFLICT ("role_id","permission_id") DO UPDATE SET "read"="excluded"."read","write"="excluded"."write","exec"="excluded"."exec" RETURNING *
2025-10-23 14:22:44 | DEBUG    | DB       |                     | [3.931ms] [rows:1] INSERT INTO "auth_role_permissions" ("role_id","permission_id","read","write","exec") VALUES (2,3,true,true,true) ON CONFLICT ("role_id","permission_id") DO UPDATE SET "read"="excluded"."read","write"="excluded"."write","exec"="excluded"."exec" RETURNING *
2025-10-23 14:22:44 | DEBUG    | DB       |                     | [3.831ms] [rows:1] INSERT INTO "auth_role_permissions" ("role_id","permission_id","read","write","exec") VALUES (1,4,true,true,true) ON CONFLICT ("role_id","permission_id") DO UPDATE SET "read"="excluded"."read","write"="excluded"."write","exec"="excluded"."exec" RETURNING *
2025-10-23 14:22:44 | DEBUG    | DB       |                     | [3.717ms] [rows:1] INSERT INTO "auth_role_permissions" ("role_id","permission_id","read","write","exec") VALUES (2,4,true,true,true) ON CONFLICT ("role_id","permission_id") DO UPDATE SET "read"="excluded"."read","write"="excluded"."write","exec"="excluded"."exec" RETURNING *
2025-10-23 14:22:44 | DEBUG    | DB       |                     | [4.449ms] [rows:1] INSERT INTO "auth_role_permissions" ("role_id","permission_id","read","write","exec") VALUES (1,5,true,true,true) ON CONFLICT ("role_id","permission_id") DO UPDATE SET "read"="excluded"."read","write"="excluded"."write","exec"="excluded"."exec" RETURNING *
2025-10-23 14:22:44 | DEBUG    | DB       |                     | [3.166ms] [rows:1] INSERT INTO "auth_role_permissions" ("role_id","permission_id","read","write","exec") VALUES (2,5,true,true,true) ON CONFLICT ("role_id","permission_id") DO UPDATE SET "read"="excluded"."read","write"="excluded"."write","exec"="excluded"."exec" RETURNING *
2025-10-23 14:22:44 | DEBUG    | DB       |                     | [4.058ms] [rows:1] INSERT INTO "auth_role_permissions" ("role_id","permission_id","read","write","exec") VALUES (1,6,true,true,true) ON CONFLICT ("role_id","permission_id") DO UPDATE SET "read"="excluded"."read","write"="excluded"."write","exec"="excluded"."exec" RETURNING *
2025-10-23 14:22:44 | DEBUG    | DB       |                     | [3.369ms] [rows:1] INSERT INTO "auth_role_permissions" ("role_id","permission_id","read","write","exec") VALUES (2,6,true,true,true) ON CONFLICT ("role_id","permission_id") DO UPDATE SET "read"="excluded"."read","write"="excluded"."write","exec"="excluded"."exec" RETURNING *
2025-10-23 14:22:44 | DEBUG    | DB       |                     | [3.724ms] [rows:1] INSERT INTO "auth_role_permissions" ("role_id","permission_id","read","write","exec") VALUES (1,7,true,true,true) ON CONFLICT ("role_id","permission_id") DO UPDATE SET "read"="excluded"."read","write"="excluded"."write","exec"="excluded"."exec" RETURNING *
2025-10-23 14:22:44 | DEBUG    | DB       |                     | [4.238ms] [rows:1] INSERT INTO "auth_role_permissions" ("role_id","permission_id","read","write","exec") VALUES (2,7,true,true,true) ON CONFLICT ("role_id","permission_id") DO UPDATE SET "read"="excluded"."read","write"="excluded"."write","exec"="excluded"."exec" RETURNING *
2025-10-23 14:22:44 | DEBUG    | DB       |                     | [4.320ms] [rows:1] INSERT INTO "auth_role_permissions" ("role_id","permission_id","read","write","exec") VALUES (1,8,true,true,true) ON CONFLICT ("role_id","permission_id") DO UPDATE SET "read"="excluded"."read","write"="excluded"."write","exec"="excluded"."exec" RETURNING *
2025-10-23 14:22:44 | DEBUG    | DB       |                     | [3.479ms] [rows:1] INSERT INTO "auth_role_permissions" ("role_id","permission_id","read","write","exec") VALUES (2,8,true,true,true) ON CONFLICT ("role_id","permission_id") DO UPDATE SET "read"="excluded"."read","write"="excluded"."write","exec"="excluded"."exec" RETURNING *
2025-10-23 14:22:44 | DEBUG    | DB       |                     | [3.904ms] [rows:1] INSERT INTO "auth_role_permissions" ("role_id","permission_id","read","write","exec") VALUES (1,9,true,true,true) ON CONFLICT ("role_id","permission_id") DO UPDATE SET "read"="excluded"."read","write"="excluded"."write","exec"="excluded"."exec" RETURNING *
2025-10-23 14:22:44 | DEBUG    | DB       |                     | [4.275ms] [rows:1] INSERT INTO "auth_role_permissions" ("role_id","permission_id","read","write","exec") VALUES (2,9,true,true,true) ON CONFLICT ("role_id","permission_id") DO UPDATE SET "read"="excluded"."read","write"="excluded"."write","exec"="excluded"."exec" RETURNING *
2025-10-23 14:22:44 | DEBUG    | DB       |                     | [3.910ms] [rows:1] INSERT INTO "auth_role_permissions" ("role_id","permission_id","read","write","exec") VALUES (1,10,true,true,true) ON CONFLICT ("role_id","permission_id") DO UPDATE SET "read"="excluded"."read","write"="excluded"."write","exec"="excluded"."exec" RETURNING *
2025-10-23 14:22:44 | DEBUG    | DB       |                     | [3.260ms] [rows:1] INSERT INTO "auth_role_permissions" ("role_id","permission_id","read","write","exec") VALUES (2,10,true,true,true) ON CONFLICT ("role_id","permission_id") DO UPDATE SET "read"="excluded"."read","write"="excluded"."write","exec"="excluded"."exec" RETURNING *
2025-10-23 14:22:44 | DEBUG    | DB       |                     | [7.182ms] [rows:1] SELECT * FROM "auth_user_roles" WHERE role_id = 1 ORDER BY "auth_user_roles"."user_id" LIMIT 1
2025-10-23 14:22:44 | DEBUG    | DB       |                     | [7.641ms] [rows:1] SELECT * FROM "auth_users" WHERE login = 'admin' ORDER BY "auth_users"."id" LIMIT 1
2025-10-23 14:22:44 | DEBUG    | DB       |                     | [8.220ms] [rows:1] SELECT * FROM "auth_users" WHERE "id" = 1024 ORDER BY "auth_users"."id" LIMIT 1
2025-10-23 14:22:44 | DEBUG    | DB       |                     | [9.019ms] [rows:0] SELECT "auth_tasks"."id","auth_tasks"."name","auth_tasks"."type","auth_tasks"."user_id","auth_tasks"."status","auth_tasks"."created_at","auth_tasks"."updated_at" FROM "auth_tasks" WHERE status IN ('running','pending') ORDER BY auth_tasks."created_at" ASC
2025-10-23 14:22:44 | DEBUG    | DB       |                     | [8.262ms] [rows:1] SELECT * FROM "auth_profiles" WHERE user_id = 1024 ORDER BY "auth_profiles"."id" LIMIT 1
2025-10-23 14:22:44 | DEBUG    | DB       |                     | [8.613ms] [rows:3] SELECT * FROM "auth_configs"
2025-10-23 14:22:44 | INFO     | APP      |                     | Starting REST Server
2025-10-23 14:24:02 | WARNING  | DB       |                     | SLOW SQL >= 1s [17982.508ms] [rows:0] DELETE FROM "auth_users_blocked" WHERE blocked_at <= '2025-10-23 10:23:44.698'
2025-10-23 14:24:44 | DEBUG    | DB       |                     | [53.725ms] [rows:0] DELETE FROM "auth_users_blocked" WHERE blocked_at <= '2025-10-23 10:24:44.696'
2025-10-23 14:25:44 | DEBUG    | DB       |                     | [11.248ms] [rows:0] DELETE FROM "auth_users_blocked" WHERE blocked_at <= '2025-10-23 10:25:44.696'
2025-10-23 14:26:44 | DEBUG    | DB       |                     | [11.093ms] [rows:0] DELETE FROM "auth_users_blocked" WHERE blocked_at <= '2025-10-23 10:26:44.696'
2025-10-23 14:27:44 | DEBUG    | DB       |                     | [7.171ms] [rows:0] DELETE FROM "auth_users_blocked" WHERE blocked_at <= '2025-10-23 10:27:44.696'
2025-10-23 14:28:44 | DEBUG    | DB       |                     | [10.590ms] [rows:0] DELETE FROM "auth_users_blocked" WHERE blocked_at <= '2025-10-23 10:28:44.696'
2025-10-23 14:29:44 | DEBUG    | DB       |                     | [7.359ms] [rows:0] DELETE FROM "auth_users_blocked" WHERE blocked_at <= '2025-10-23 10:29:44.695'
2025-10-23 14:30:44 | DEBUG    | DB       |                     | [6.616ms] [rows:0] DELETE FROM "auth_users_blocked" WHERE blocked_at <= '2025-10-23 10:30:44.695'
2025-10-23 14:31:44 | DEBUG    | DB       |                     | [7.448ms] [rows:0] DELETE FROM "auth_users_blocked" WHERE blocked_at <= '2025-10-23 10:31:44.694'
2025-10-23 14:32:44 | DEBUG    | DB       |                     | [11.804ms] [rows:0] DELETE FROM "auth_users_blocked" WHERE blocked_at <= '2025-10-23 10:32:44.695'
2025-10-23 14:32:44 | DEBUG    | DB       |                     | [30.882ms] [rows:0] DELETE FROM "auth_tokens" WHERE expires_at < '2025-10-23 11:32:44.695'
2025-10-23 14:33:44 | DEBUG    | DB       |                     | [12.660ms] [rows:0] DELETE FROM "auth_users_blocked" WHERE blocked_at <= '2025-10-23 10:33:44.694'
2025-10-23 14:34:44 | DEBUG    | DB       |                     | [8.736ms] [rows:0] DELETE FROM "auth_users_blocked" WHERE blocked_at <= '2025-10-23 10:34:44.695'
2025-10-23 14:35:44 | DEBUG    | DB       |                     | [11.151ms] [rows:0] DELETE FROM "auth_users_blocked" WHERE blocked_at <= '2025-10-23 10:35:44.694'
2025-10-23 14:36:44 | DEBUG    | DB       |                     | [8.176ms] [rows:0] DELETE FROM "auth_users_blocked" WHERE blocked_at <= '2025-10-23 10:36:44.694'
2025-10-23 14:37:44 | DEBUG    | DB       |                     | [7.994ms] [rows:0] DELETE FROM "auth_users_blocked" WHERE blocked_at <= '2025-10-23 10:37:44.694'
2025-10-23 14:38:44 | DEBUG    | DB       |                     | [11.357ms] [rows:0] DELETE FROM "auth_users_blocked" WHERE blocked_at <= '2025-10-23 10:38:44.693'
2025-10-23 14:39:44 | DEBUG    | DB       |                     | [8.596ms] [rows:0] DELETE FROM "auth_users_blocked" WHERE blocked_at <= '2025-10-23 10:39:44.693'
2025-10-23 14:40:44 | DEBUG    | DB       |                     | [7.391ms] [rows:0] DELETE FROM "auth_users_blocked" WHERE blocked_at <= '2025-10-23 10:40:44.693'
2025-10-23 14:41:44 | DEBUG    | DB       |                     | [7.415ms] [rows:0] DELETE FROM "auth_users_blocked" WHERE blocked_at <= '2025-10-23 10:41:44.692'
2025-10-23 14:42:44 | DEBUG    | DB       |                     | [9.089ms] [rows:0] DELETE FROM "auth_users_blocked" WHERE blocked_at <= '2025-10-23 10:42:44.693'
2025-10-23 14:42:44 | DEBUG    | DB       |                     | [13.920ms] [rows:0] DELETE FROM "auth_tokens" WHERE expires_at < '2025-10-23 11:42:44.692'
2025-10-23 14:43:44 | DEBUG    | DB       |                     | [8.900ms] [rows:0] DELETE FROM "auth_users_blocked" WHERE blocked_at <= '2025-10-23 10:43:44.692'
2025-10-23 14:44:44 | DEBUG    | DB       |                     | [37.620ms] [rows:0] DELETE FROM "auth_users_blocked" WHERE blocked_at <= '2025-10-23 10:44:44.692'
2025-10-23 14:45:44 | DEBUG    | DB       |                     | [11.701ms] [rows:0] DELETE FROM "auth_users_blocked" WHERE blocked_at <= '2025-10-23 10:45:44.692'
2025-10-23 14:46:44 | DEBUG    | DB       |                     | [11.261ms] [rows:0] DELETE FROM "auth_users_blocked" WHERE blocked_at <= '2025-10-23 10:46:44.692'
2025-10-23 14:47:44 | DEBUG    | DB       |                     | [9.216ms] [rows:0] DELETE FROM "auth_users_blocked" WHERE blocked_at <= '2025-10-23 10:47:44.691'
2025-10-23 14:48:44 | DEBUG    | DB       |                     | [6.745ms] [rows:0] DELETE FROM "auth_users_blocked" WHERE blocked_at <= '2025-10-23 10:48:44.691'
2025-10-23 14:49:44 | DEBUG    | DB       |                     | [10.610ms] [rows:0] DELETE FROM "auth_users_blocked" WHERE blocked_at <= '2025-10-23 10:49:44.691'
2025-10-23 14:50:44 | DEBUG    | DB       |                     | [7.282ms] [rows:0] DELETE FROM "auth_users_blocked" WHERE blocked_at <= '2025-10-23 10:50:44.69'
2025-10-23 14:51:44 | DEBUG    | DB       |                     | [6.334ms] [rows:0] DELETE FROM "auth_users_blocked" WHERE blocked_at <= '2025-10-23 10:51:44.69'
2025-10-23 14:52:44 | DEBUG    | DB       |                     | [6.652ms] [rows:0] DELETE FROM "auth_tokens" WHERE expires_at < '2025-10-23 11:52:44.69'
2025-10-23 14:52:44 | DEBUG    | DB       |                     | [25.715ms] [rows:0] DELETE FROM "auth_users_blocked" WHERE blocked_at <= '2025-10-23 10:52:44.69'
2025-10-23 14:53:44 | DEBUG    | DB       |                     | [11.501ms] [rows:0] DELETE FROM "auth_users_blocked" WHERE blocked_at <= '2025-10-23 10:53:44.692'
2025-10-23 14:54:44 | DEBUG    | DB       |                     | [7.879ms] [rows:0] DELETE FROM "auth_users_blocked" WHERE blocked_at <= '2025-10-23 10:54:44.698'
2025-10-23 14:55:44 | DEBUG    | DB       |                     | [10.682ms] [rows:0] DELETE FROM "auth_users_blocked" WHERE blocked_at <= '2025-10-23 10:55:44.698'
2025-10-23 14:56:44 | DEBUG    | DB       |                     | [10.856ms] [rows:0] DELETE FROM "auth_users_blocked" WHERE blocked_at <= '2025-10-23 10:56:44.698'
2025-10-23 14:57:44 | DEBUG    | DB       |                     | [10.955ms] [rows:0] DELETE FROM "auth_users_blocked" WHERE blocked_at <= '2025-10-23 10:57:44.698'
2025-10-23 14:58:44 | DEBUG    | DB       |                     | [11.537ms] [rows:0] DELETE FROM "auth_users_blocked" WHERE blocked_at <= '2025-10-23 10:58:44.697'
2025-10-23 14:59:28 | INFO     | APP      |                     | Stopping REST Server
2025-10-23 14:59:28 | INFO     | APP      |                     | Окончание работы системы
2025-10-23 14:59:39 | DEBUG    | DB       |                     | [2.901ms] [rows:0] SELECT * FROM "auth_config_files" WHERE "auth_config_files"."config_key" = 'auth'
2025-10-23 14:59:39 | DEBUG    | DB       |                     | [7.685ms] [rows:1] SELECT * FROM "auth_configs" WHERE key = 'auth' ORDER BY "auth_configs"."key" LIMIT 1
2025-10-23 14:59:39 | DEBUG    | DB       |                     | [3.472ms] [rows:0] SELECT * FROM "auth_config_files" WHERE "auth_config_files"."config_key" = 'audit'
2025-10-23 14:59:39 | DEBUG    | DB       |                     | [6.672ms] [rows:1] SELECT * FROM "auth_configs" WHERE key = 'audit' ORDER BY "auth_configs"."key" LIMIT 1
2025-10-23 14:59:39 | INFO     | APP      |                     | Начало работы системы
2025-10-23 14:59:39 | DEBUG    | DB       |                     | [25.132ms] [rows:0] ALTER SEQUENCE public.auth_users_id_seq RESTART WITH 1024
2025-10-23 14:59:39 | DEBUG    | DB       |                     | [6.719ms] [rows:10] SELECT * FROM "auth_permissions"
2025-10-23 14:59:39 | DEBUG    | DB       |                     | [2.906ms] [rows:10] SELECT * FROM "auth_permissions"
2025-10-23 14:59:39 | DEBUG    | DB       |                     | [7.637ms] [rows:1] SELECT * FROM "auth_roles" WHERE name = 'SuperAdmin' ORDER BY "auth_roles"."id" LIMIT 1
2025-10-23 14:59:39 | DEBUG    | DB       |                     | [3.459ms] [rows:1] SELECT * FROM "auth_roles" WHERE name = 'LdapBroker' ORDER BY "auth_roles"."id" LIMIT 1
2025-10-23 14:59:39 | DEBUG    | DB       |                     | [7.911ms] [rows:0] DELETE FROM "auth_role_permissions" WHERE role_id IN (1,2) AND permission_id NOT IN (1,2,3,4,5,6,7,8,9,10)
2025-10-23 14:59:39 | DEBUG    | DB       |                     | [7.447ms] [rows:1] INSERT INTO "auth_role_permissions" ("role_id","permission_id","read","write","exec") VALUES (1,1,true,true,true) ON CONFLICT ("role_id","permission_id") DO UPDATE SET "read"="excluded"."read","write"="excluded"."write","exec"="excluded"."exec" RETURNING *
2025-10-23 14:59:39 | DEBUG    | DB       |                     | [3.560ms] [rows:1] INSERT INTO "auth_role_permissions" ("role_id","permission_id","read","write","exec") VALUES (2,1,true,true,true) ON CONFLICT ("role_id","permission_id") DO UPDATE SET "read"="excluded"."read","write"="excluded"."write","exec"="excluded"."exec" RETURNING *
2025-10-23 14:59:39 | DEBUG    | DB       |                     | [3.357ms] [rows:1] INSERT INTO "auth_role_permissions" ("role_id","permission_id","read","write","exec") VALUES (1,2,true,true,true) ON CONFLICT ("role_id","permission_id") DO UPDATE SET "read"="excluded"."read","write"="excluded"."write","exec"="excluded"."exec" RETURNING *
2025-10-23 14:59:39 | DEBUG    | DB       |                     | [3.569ms] [rows:1] INSERT INTO "auth_role_permissions" ("role_id","permission_id","read","write","exec") VALUES (2,2,true,true,true) ON CONFLICT ("role_id","permission_id") DO UPDATE SET "read"="excluded"."read","write"="excluded"."write","exec"="excluded"."exec" RETURNING *
2025-10-23 14:59:39 | DEBUG    | DB       |                     | [5.370ms] [rows:1] INSERT INTO "auth_role_permissions" ("role_id","permission_id","read","write","exec") VALUES (1,3,true,true,true) ON CONFLICT ("role_id","permission_id") DO UPDATE SET "read"="excluded"."read","write"="excluded"."write","exec"="excluded"."exec" RETURNING *
2025-10-23 14:59:40 | DEBUG    | DB       |                     | [3.485ms] [rows:1] INSERT INTO "auth_role_permissions" ("role_id","permission_id","read","write","exec") VALUES (2,3,true,true,true) ON CONFLICT ("role_id","permission_id") DO UPDATE SET "read"="excluded"."read","write"="excluded"."write","exec"="excluded"."exec" RETURNING *
2025-10-23 14:59:40 | DEBUG    | DB       |                     | [3.044ms] [rows:1] INSERT INTO "auth_role_permissions" ("role_id","permission_id","read","write","exec") VALUES (1,4,true,true,true) ON CONFLICT ("role_id","permission_id") DO UPDATE SET "read"="excluded"."read","write"="excluded"."write","exec"="excluded"."exec" RETURNING *
2025-10-23 14:59:40 | DEBUG    | DB       |                     | [3.175ms] [rows:1] INSERT INTO "auth_role_permissions" ("role_id","permission_id","read","write","exec") VALUES (2,4,true,true,true) ON CONFLICT ("role_id","permission_id") DO UPDATE SET "read"="excluded"."read","write"="excluded"."write","exec"="excluded"."exec" RETURNING *
2025-10-23 14:59:40 | DEBUG    | DB       |                     | [3.461ms] [rows:1] INSERT INTO "auth_role_permissions" ("role_id","permission_id","read","write","exec") VALUES (1,5,true,true,true) ON CONFLICT ("role_id","permission_id") DO UPDATE SET "read"="excluded"."read","write"="excluded"."write","exec"="excluded"."exec" RETURNING *
2025-10-23 14:59:40 | DEBUG    | DB       |                     | [3.566ms] [rows:1] INSERT INTO "auth_role_permissions" ("role_id","permission_id","read","write","exec") VALUES (2,5,true,true,true) ON CONFLICT ("role_id","permission_id") DO UPDATE SET "read"="excluded"."read","write"="excluded"."write","exec"="excluded"."exec" RETURNING *
2025-10-23 14:59:40 | DEBUG    | DB       |                     | [3.539ms] [rows:1] INSERT INTO "auth_role_permissions" ("role_id","permission_id","read","write","exec") VALUES (1,6,true,true,true) ON CONFLICT ("role_id","permission_id") DO UPDATE SET "read"="excluded"."read","write"="excluded"."write","exec"="excluded"."exec" RETURNING *
2025-10-23 14:59:40 | DEBUG    | DB       |                     | [3.413ms] [rows:1] INSERT INTO "auth_role_permissions" ("role_id","permission_id","read","write","exec") VALUES (2,6,true,true,true) ON CONFLICT ("role_id","permission_id") DO UPDATE SET "read"="excluded"."read","write"="excluded"."write","exec"="excluded"."exec" RETURNING *
2025-10-23 14:59:40 | DEBUG    | DB       |                     | [14.662ms] [rows:1] INSERT INTO "auth_role_permissions" ("role_id","permission_id","read","write","exec") VALUES (1,7,true,true,true) ON CONFLICT ("role_id","permission_id") DO UPDATE SET "read"="excluded"."read","write"="excluded"."write","exec"="excluded"."exec" RETURNING *
2025-10-23 14:59:40 | DEBUG    | DB       |                     | [3.452ms] [rows:1] INSERT INTO "auth_role_permissions" ("role_id","permission_id","read","write","exec") VALUES (2,7,true,true,true) ON CONFLICT ("role_id","permission_id") DO UPDATE SET "read"="excluded"."read","write"="excluded"."write","exec"="excluded"."exec" RETURNING *
2025-10-23 14:59:40 | DEBUG    | DB       |                     | [2.915ms] [rows:1] INSERT INTO "auth_role_permissions" ("role_id","permission_id","read","write","exec") VALUES (1,8,true,true,true) ON CONFLICT ("role_id","permission_id") DO UPDATE SET "read"="excluded"."read","write"="excluded"."write","exec"="excluded"."exec" RETURNING *
2025-10-23 14:59:40 | DEBUG    | DB       |                     | [3.694ms] [rows:1] INSERT INTO "auth_role_permissions" ("role_id","permission_id","read","write","exec") VALUES (2,8,true,true,true) ON CONFLICT ("role_id","permission_id") DO UPDATE SET "read"="excluded"."read","write"="excluded"."write","exec"="excluded"."exec" RETURNING *
2025-10-23 14:59:40 | DEBUG    | DB       |                     | [3.539ms] [rows:1] INSERT INTO "auth_role_permissions" ("role_id","permission_id","read","write","exec") VALUES (1,9,true,true,true) ON CONFLICT ("role_id","permission_id") DO UPDATE SET "read"="excluded"."read","write"="excluded"."write","exec"="excluded"."exec" RETURNING *
2025-10-23 14:59:40 | DEBUG    | DB       |                     | [3.623ms] [rows:1] INSERT INTO "auth_role_permissions" ("role_id","permission_id","read","write","exec") VALUES (2,9,true,true,true) ON CONFLICT ("role_id","permission_id") DO UPDATE SET "read"="excluded"."read","write"="excluded"."write","exec"="excluded"."exec" RETURNING *
2025-10-23 14:59:40 | DEBUG    | DB       |                     | [4.264ms] [rows:1] INSERT INTO "auth_role_permissions" ("role_id","permission_id","read","write","exec") VALUES (1,10,true,true,true) ON CONFLICT ("role_id","permission_id") DO UPDATE SET "read"="excluded"."read","write"="excluded"."write","exec"="excluded"."exec" RETURNING *
2025-10-23 14:59:40 | DEBUG    | DB       |                     | [4.011ms] [rows:1] INSERT INTO "auth_role_permissions" ("role_id","permission_id","read","write","exec") VALUES (2,10,true,true,true) ON CONFLICT ("role_id","permission_id") DO UPDATE SET "read"="excluded"."read","write"="excluded"."write","exec"="excluded"."exec" RETURNING *
2025-10-23 14:59:40 | DEBUG    | DB       |                     | [8.030ms] [rows:1] SELECT * FROM "auth_user_roles" WHERE role_id = 1 ORDER BY "auth_user_roles"."user_id" LIMIT 1
2025-10-23 14:59:40 | DEBUG    | DB       |                     | [8.260ms] [rows:1] SELECT * FROM "auth_users" WHERE login = 'admin' ORDER BY "auth_users"."id" LIMIT 1
2025-10-23 14:59:40 | DEBUG    | DB       |                     | [7.259ms] [rows:1] SELECT * FROM "auth_users" WHERE "id" = 1024 ORDER BY "auth_users"."id" LIMIT 1
2025-10-23 14:59:40 | DEBUG    | DB       |                     | [7.788ms] [rows:0] SELECT "auth_tasks"."id","auth_tasks"."name","auth_tasks"."type","auth_tasks"."user_id","auth_tasks"."status","auth_tasks"."created_at","auth_tasks"."updated_at" FROM "auth_tasks" WHERE status IN ('running','pending') ORDER BY auth_tasks."created_at" ASC
2025-10-23 14:59:40 | DEBUG    | DB       |                     | [9.412ms] [rows:1] SELECT * FROM "auth_profiles" WHERE user_id = 1024 ORDER BY "auth_profiles"."id" LIMIT 1
2025-10-23 14:59:40 | DEBUG    | DB       |                     | [7.224ms] [rows:3] SELECT * FROM "auth_configs"
2025-10-23 14:59:40 | INFO     | APP      |                     | Starting REST Server
2025-10-23 15:00:58 | WARNING  | DB       |                     | SLOW SQL >= 1s [17976.879ms] [rows:0] DELETE FROM auth_users_blocked WHERE blocked_at <= '2025-10-23 11:00:40.209'
2025-10-23 15:01:40 | DEBUG    | DB       |                     | [11.279ms] [rows:0] DELETE FROM auth_users_blocked WHERE blocked_at <= '2025-10-23 11:01:40.209'
2025-10-23 15:02:40 | DEBUG    | DB       |                     | [10.418ms] [rows:0] DELETE FROM auth_users_blocked WHERE blocked_at <= '2025-10-23 11:02:40.209'
2025-10-23 15:03:40 | DEBUG    | DB       |                     | [5.971ms] [rows:0] DELETE FROM auth_users_blocked WHERE blocked_at <= '2025-10-23 11:03:40.209'
2025-10-23 15:04:40 | DEBUG    | DB       |                     | [6.939ms] [rows:0] DELETE FROM auth_users_blocked WHERE blocked_at <= '2025-10-23 11:04:40.209'
2025-10-23 15:05:40 | DEBUG    | DB       |                     | [10.296ms] [rows:0] DELETE FROM auth_users_blocked WHERE blocked_at <= '2025-10-23 11:05:40.208'
2025-10-23 15:06:40 | DEBUG    | DB       |                     | [10.512ms] [rows:0] DELETE FROM auth_users_blocked WHERE blocked_at <= '2025-10-23 11:06:40.208'
2025-10-23 15:07:39 | INFO     | APP      |                     | Stopping REST Server
2025-10-23 15:07:39 | INFO     | APP      |                     | Окончание работы системы
2025-10-23 15:07:44 | DEBUG    | DB       |                     | [3.476ms] [rows:0] SELECT * FROM "auth_config_files" WHERE "auth_config_files"."config_key" = 'auth'
2025-10-23 15:07:44 | DEBUG    | DB       |                     | [6.812ms] [rows:1] SELECT * FROM "auth_configs" WHERE key = 'auth' ORDER BY "auth_configs"."key" LIMIT 1
2025-10-23 15:07:44 | DEBUG    | DB       |                     | [3.481ms] [rows:0] SELECT * FROM "auth_config_files" WHERE "auth_config_files"."config_key" = 'audit'
2025-10-23 15:07:44 | DEBUG    | DB       |                     | [6.354ms] [rows:1] SELECT * FROM "auth_configs" WHERE key = 'audit' ORDER BY "auth_configs"."key" LIMIT 1
2025-10-23 15:07:44 | INFO     | APP      |                     | Начало работы системы
2025-10-23 15:07:44 | DEBUG    | DB       |                     | [30.082ms] [rows:0] ALTER SEQUENCE public.auth_users_id_seq RESTART WITH 1024
2025-10-23 15:07:44 | DEBUG    | DB       |                     | [7.878ms] [rows:10] SELECT * FROM "auth_permissions"
2025-10-23 15:07:44 | DEBUG    | DB       |                     | [3.403ms] [rows:10] SELECT * FROM "auth_permissions"
2025-10-23 15:07:44 | DEBUG    | DB       |                     | [7.814ms] [rows:1] SELECT * FROM "auth_roles" WHERE name = 'SuperAdmin' ORDER BY "auth_roles"."id" LIMIT 1
2025-10-23 15:07:44 | DEBUG    | DB       |                     | [3.603ms] [rows:1] SELECT * FROM "auth_roles" WHERE name = 'LdapBroker' ORDER BY "auth_roles"."id" LIMIT 1
2025-10-23 15:07:44 | DEBUG    | DB       |                     | [7.831ms] [rows:20] DELETE FROM "auth_role_permissions" WHERE role_id IN (1,2)
2025-10-23 15:07:44 | DEBUG    | DB       |                     | [9.993ms] [rows:20] INSERT INTO "auth_role_permissions" ("role_id","permission_id","read","write","exec") VALUES (1,1,true,true,true),(2,1,true,true,true),(1,2,true,true,true),(2,2,true,true,true),(1,3,true,true,true),(2,3,true,true,true),(1,4,true,true,true),(2,4,true,true,true),(1,5,true,true,true),(2,5,true,true,true),(1,6,true,true,true),(2,6,true,true,true),(1,7,true,true,true),(2,7,true,true,true),(1,8,true,true,true),(2,8,true,true,true),(1,9,true,true,true),(2,9,true,true,true),(1,10,true,true,true),(2,10,true,true,true) RETURNING *
2025-10-23 15:07:44 | DEBUG    | DB       |                     | [7.040ms] [rows:1] SELECT * FROM "auth_user_roles" WHERE role_id = 1 ORDER BY "auth_user_roles"."user_id" LIMIT 1
2025-10-23 15:07:44 | DEBUG    | DB       |                     | [6.966ms] [rows:1] SELECT * FROM "auth_users" WHERE login = 'admin' ORDER BY "auth_users"."id" LIMIT 1
2025-10-23 15:07:44 | DEBUG    | DB       |                     | [7.381ms] [rows:1] SELECT * FROM "auth_users" WHERE "id" = 1024 ORDER BY "auth_users"."id" LIMIT 1
2025-10-23 15:07:44 | DEBUG    | DB       |                     | [7.413ms] [rows:0] SELECT "auth_tasks"."id","auth_tasks"."name","auth_tasks"."type","auth_tasks"."user_id","auth_tasks"."status","auth_tasks"."created_at","auth_tasks"."updated_at" FROM "auth_tasks" WHERE status IN ('running','pending') ORDER BY auth_tasks."created_at" ASC
2025-10-23 15:07:44 | DEBUG    | DB       |                     | [8.769ms] [rows:1] SELECT * FROM "auth_profiles" WHERE user_id = 1024 ORDER BY "auth_profiles"."id" LIMIT 1
2025-10-23 15:07:44 | DEBUG    | DB       |                     | [7.780ms] [rows:3] SELECT * FROM "auth_configs"
2025-10-23 15:07:44 | INFO     | APP      |                     | Starting REST Server
2025-10-23 15:08:42 | INFO     | APP      |                     | Stopping REST Server
2025-10-23 15:08:42 | INFO     | APP      |                     | Окончание работы системы
2025-10-23 15:09:27 | DEBUG    | DB       |                     | [3.742ms] [rows:0] SELECT * FROM "auth_config_files" WHERE "auth_config_files"."config_key" = 'auth'
2025-10-23 15:09:27 | DEBUG    | DB       |                     | [7.997ms] [rows:1] SELECT * FROM "auth_configs" WHERE key = 'auth' ORDER BY "auth_configs"."key" LIMIT 1
2025-10-23 15:09:27 | DEBUG    | DB       |                     | [3.627ms] [rows:0] SELECT * FROM "auth_config_files" WHERE "auth_config_files"."config_key" = 'audit'
2025-10-23 15:09:27 | DEBUG    | DB       |                     | [6.305ms] [rows:1] SELECT * FROM "auth_configs" WHERE key = 'audit' ORDER BY "auth_configs"."key" LIMIT 1
2025-10-23 15:09:27 | INFO     | APP      |                     | Начало работы системы
2025-10-23 15:09:27 | DEBUG    | DB       |                     | [9.407ms] [rows:0] ALTER SEQUENCE public.auth_users_id_seq RESTART WITH 1024
2025-10-23 15:09:27 | DEBUG    | DB       |                     | [7.506ms] [rows:10] SELECT * FROM "auth_permissions"
2025-10-23 15:09:27 | DEBUG    | DB       |                     | [3.985ms] [rows:10] SELECT * FROM "auth_permissions"
2025-10-23 15:09:27 | DEBUG    | DB       |                     | [6.906ms] [rows:1] SELECT * FROM "auth_roles" WHERE name = 'SuperAdmin' ORDER BY "auth_roles"."id" LIMIT 1
2025-10-23 15:09:27 | DEBUG    | DB       |                     | [4.183ms] [rows:1] SELECT * FROM "auth_roles" WHERE name = 'LdapBroker' ORDER BY "auth_roles"."id" LIMIT 1
2025-10-23 15:09:27 | DEBUG    | DB       |                     | [8.946ms] [rows:20] DELETE FROM "auth_role_permissions" WHERE role_id IN (1,2)
2025-10-23 15:09:27 | DEBUG    | DB       |                     | [10.911ms] [rows:20] INSERT INTO "auth_role_permissions" ("role_id","permission_id","read","write","exec") VALUES (1,1,true,true,true),(2,1,true,true,true),(1,2,true,true,true),(2,2,true,true,true),(1,3,true,true,true),(2,3,true,true,true),(1,4,true,true,true),(2,4,true,true,true),(1,5,true,true,true),(2,5,true,true,true),(1,6,true,true,true),(2,6,true,true,true),(1,7,true,true,true),(2,7,true,true,true),(1,8,true,true,true),(2,8,true,true,true),(1,9,true,true,true),(2,9,true,true,true),(1,10,true,true,true),(2,10,true,true,true) RETURNING *
2025-10-23 15:09:27 | DEBUG    | DB       |                     | [8.092ms] [rows:1] SELECT * FROM "auth_user_roles" WHERE role_id = 1 ORDER BY "auth_user_roles"."user_id" LIMIT 1
2025-10-23 15:09:27 | DEBUG    | DB       |                     | [7.955ms] [rows:1] SELECT * FROM "auth_users" WHERE login = 'admin' ORDER BY "auth_users"."id" LIMIT 1
2025-10-23 15:09:27 | DEBUG    | DB       |                     | [6.927ms] [rows:1] SELECT * FROM "auth_users" WHERE "id" = 1024 ORDER BY "auth_users"."id" LIMIT 1
2025-10-23 15:09:27 | DEBUG    | DB       |                     | [7.672ms] [rows:0] SELECT "auth_tasks"."id","auth_tasks"."name","auth_tasks"."type","auth_tasks"."user_id","auth_tasks"."status","auth_tasks"."created_at","auth_tasks"."updated_at" FROM "auth_tasks" WHERE status IN ('running','pending') ORDER BY auth_tasks."created_at" ASC
2025-10-23 15:09:27 | DEBUG    | DB       |                     | [7.592ms] [rows:0] DELETE FROM auth_analytics_admins WHERE created_at < '2022-10-24 12:09:27.444'
2025-10-23 15:09:27 | DEBUG    | DB       |                     | [6.108ms] [rows:0] DELETE FROM auth_analytics_broker WHERE created_at < '2022-10-24 12:09:27.451'
2025-10-23 15:09:27 | DEBUG    | DB       |                     | [6.722ms] [rows:1] SELECT COUNT(*) FROM auth_analytics_admins
2025-10-23 15:09:27 | DEBUG    | DB       |                     | [10.573ms] [rows:1] SELECT COUNT(*) FROM auth_analytics_broker
2025-10-23 15:09:27 | DEBUG    | DB       |                     | [9.716ms] [rows:1] SELECT * FROM "auth_profiles" WHERE user_id = 1024 ORDER BY "auth_profiles"."id" LIMIT 1
2025-10-23 15:09:27 | DEBUG    | DB       |                     | [9.390ms] [rows:3] SELECT * FROM "auth_configs"
2025-10-23 15:09:27 | INFO     | APP      |                     | Starting REST Server
2025-10-23 15:10:27 | DEBUG    | DB       |                     | [12.228ms] [rows:0] DELETE FROM auth_users_blocked WHERE blocked_at <= '2025-10-23 11:10:27.457'
2025-10-23 15:10:32 | INFO     | APP      |                     | Stopping REST Server
2025-10-23 15:10:32 | INFO     | APP      |                     | Окончание работы системы
2025-10-23 15:10:36 | DEBUG    | DB       |                     | [3.343ms] [rows:0] SELECT * FROM "auth_config_files" WHERE "auth_config_files"."config_key" = 'auth'
2025-10-23 15:10:36 | DEBUG    | DB       |                     | [7.922ms] [rows:1] SELECT * FROM "auth_configs" WHERE key = 'auth' ORDER BY "auth_configs"."key" LIMIT 1
2025-10-23 15:10:36 | DEBUG    | DB       |                     | [3.717ms] [rows:0] SELECT * FROM "auth_config_files" WHERE "auth_config_files"."config_key" = 'audit'
2025-10-23 15:10:36 | DEBUG    | DB       |                     | [6.890ms] [rows:1] SELECT * FROM "auth_configs" WHERE key = 'audit' ORDER BY "auth_configs"."key" LIMIT 1
2025-10-23 15:10:36 | INFO     | APP      |                     | Начало работы системы
2025-10-23 15:10:36 | DEBUG    | DB       |                     | [8.752ms] [rows:0] ALTER SEQUENCE public.auth_users_id_seq RESTART WITH 1024
2025-10-23 15:10:36 | DEBUG    | DB       |                     | [7.779ms] [rows:10] SELECT * FROM "auth_permissions"
2025-10-23 15:10:36 | DEBUG    | DB       |                     | [3.280ms] [rows:10] SELECT * FROM "auth_permissions"
2025-10-23 15:10:36 | DEBUG    | DB       |                     | [10.162ms] [rows:1] SELECT * FROM "auth_roles" WHERE name = 'SuperAdmin' ORDER BY "auth_roles"."id" LIMIT 1
2025-10-23 15:10:36 | DEBUG    | DB       |                     | [3.459ms] [rows:1] SELECT * FROM "auth_roles" WHERE name = 'LdapBroker' ORDER BY "auth_roles"."id" LIMIT 1
2025-10-23 15:10:36 | DEBUG    | DB       |                     | [7.407ms] [rows:20] DELETE FROM "auth_role_permissions" WHERE role_id IN (1,2)
2025-10-23 15:10:36 | DEBUG    | DB       |                     | [10.308ms] [rows:20] INSERT INTO "auth_role_permissions" ("role_id","permission_id","read","write","exec") VALUES (1,1,true,true,true),(2,1,true,true,true),(1,2,true,true,true),(2,2,true,true,true),(1,3,true,true,true),(2,3,true,true,true),(1,4,true,true,true),(2,4,true,true,true),(1,5,true,true,true),(2,5,true,true,true),(1,6,true,true,true),(2,6,true,true,true),(1,7,true,true,true),(2,7,true,true,true),(1,8,true,true,true),(2,8,true,true,true),(1,9,true,true,true),(2,9,true,true,true),(1,10,true,true,true),(2,10,true,true,true) RETURNING *
2025-10-23 15:10:36 | DEBUG    | DB       |                     | [6.731ms] [rows:1] SELECT * FROM "auth_user_roles" WHERE role_id = 1 ORDER BY "auth_user_roles"."user_id" LIMIT 1
2025-10-23 15:10:36 | DEBUG    | DB       |                     | [8.665ms] [rows:1] SELECT * FROM "auth_users" WHERE login = 'admin' ORDER BY "auth_users"."id" LIMIT 1
2025-10-23 15:10:36 | DEBUG    | DB       |                     | [6.114ms] [rows:1] SELECT * FROM "auth_users" WHERE "id" = 1024 ORDER BY "auth_users"."id" LIMIT 1
2025-10-23 15:10:36 | DEBUG    | DB       |                     | [7.500ms] [rows:0] SELECT "auth_tasks"."id","auth_tasks"."name","auth_tasks"."type","auth_tasks"."user_id","auth_tasks"."status","auth_tasks"."created_at","auth_tasks"."updated_at" FROM "auth_tasks" WHERE status IN ('running','pending') ORDER BY auth_tasks."created_at" ASC
2025-10-23 15:10:36 | DEBUG    | DB       |                     | [7.528ms] [rows:0] DELETE FROM auth_analytics_admins WHERE created_at < '2022-10-24 12:10:36.31'
2025-10-23 15:10:36 | DEBUG    | DB       |                     | [6.898ms] [rows:0] DELETE FROM auth_analytics_broker WHERE created_at < '2022-10-24 12:10:36.317'
2025-10-23 15:10:36 | DEBUG    | DB       |                     | [6.063ms] [rows:1] SELECT COUNT(*) FROM auth_analytics_admins
2025-10-23 15:10:36 | DEBUG    | DB       |                     | [5.919ms] [rows:1] SELECT COUNT(*) FROM auth_analytics_broker
2025-10-23 15:10:36 | DEBUG    | DB       |                     | [6.234ms] [rows:1] SELECT * FROM "auth_profiles" WHERE user_id = 1024 ORDER BY "auth_profiles"."id" LIMIT 1
2025-10-23 15:10:36 | DEBUG    | DB       |                     | [6.946ms] [rows:3] SELECT * FROM "auth_configs"
2025-10-23 15:10:36 | INFO     | APP      |                     | Starting REST Server
2025-10-23 15:11:36 | DEBUG    | DB       |                     | [13.379ms] [rows:0] DELETE FROM auth_users_blocked WHERE blocked_at <= '2025-10-23 11:11:36.311'
2025-10-23 15:12:36 | DEBUG    | DB       |                     | [7.320ms] [rows:0] DELETE FROM auth_users_blocked WHERE blocked_at <= '2025-10-23 11:12:36.312'
2025-10-23 15:13:36 | DEBUG    | DB       |                     | [31.347ms] [rows:0] DELETE FROM auth_users_blocked WHERE blocked_at <= '2025-10-23 11:13:36.311'
2025-10-23 15:14:36 | DEBUG    | DB       |                     | [7.195ms] [rows:0] DELETE FROM auth_users_blocked WHERE blocked_at <= '2025-10-23 11:14:36.312'
2025-10-23 15:15:36 | DEBUG    | DB       |                     | [11.521ms] [rows:0] DELETE FROM auth_users_blocked WHERE blocked_at <= '2025-10-23 11:15:36.313'
2025-10-23 15:16:36 | DEBUG    | DB       |                     | [7.649ms] [rows:0] DELETE FROM auth_users_blocked WHERE blocked_at <= '2025-10-23 11:16:36.313'
2025-10-23 15:17:36 | DEBUG    | DB       |                     | [13.216ms] [rows:0] DELETE FROM auth_users_blocked WHERE blocked_at <= '2025-10-23 11:17:36.314'
2025-10-23 15:18:36 | DEBUG    | DB       |                     | [11.221ms] [rows:0] DELETE FROM auth_users_blocked WHERE blocked_at <= '2025-10-23 11:18:36.314'
2025-10-23 15:19:36 | DEBUG    | DB       |                     | [7.478ms] [rows:0] DELETE FROM auth_users_blocked WHERE blocked_at <= '2025-10-23 11:19:36.314'
2025-10-23 15:19:51 | INFO     | APP      |                     | Stopping REST Server
2025-10-23 15:19:51 | INFO     | APP      |                     | Окончание работы системы
2025-10-23 15:19:55 | DEBUG    | DB       |                     | [3.125ms] [rows:0] SELECT * FROM "auth_config_files" WHERE "auth_config_files"."config_key" = 'auth'
2025-10-23 15:19:55 | DEBUG    | DB       |                     | [6.893ms] [rows:1] SELECT * FROM "auth_configs" WHERE key = 'auth' ORDER BY "auth_configs"."key" LIMIT 1
2025-10-23 15:19:55 | DEBUG    | DB       |                     | [3.335ms] [rows:0] SELECT * FROM "auth_config_files" WHERE "auth_config_files"."config_key" = 'audit'
2025-10-23 15:19:55 | DEBUG    | DB       |                     | [7.540ms] [rows:1] SELECT * FROM "auth_configs" WHERE key = 'audit' ORDER BY "auth_configs"."key" LIMIT 1
2025-10-23 15:19:55 | INFO     | APP      |                     | Начало работы системы
2025-10-23 15:19:55 | DEBUG    | DB       |                     | [21.280ms] [rows:0] ALTER SEQUENCE public.auth_users_id_seq RESTART WITH 1024
2025-10-23 15:19:55 | DEBUG    | DB       |                     | [6.812ms] [rows:10] SELECT * FROM "auth_permissions"
2025-10-23 15:19:55 | DEBUG    | DB       |                     | [3.119ms] [rows:10] SELECT * FROM "auth_permissions"
2025-10-23 15:19:55 | DEBUG    | DB       |                     | [7.505ms] [rows:1] SELECT * FROM "auth_roles" WHERE name = 'SuperAdmin' ORDER BY "auth_roles"."id" LIMIT 1
2025-10-23 15:19:55 | DEBUG    | DB       |                     | [3.546ms] [rows:1] SELECT * FROM "auth_roles" WHERE name = 'LdapBroker' ORDER BY "auth_roles"."id" LIMIT 1
2025-10-23 15:19:55 | DEBUG    | DB       |                     | [6.774ms] [rows:20] DELETE FROM "auth_role_permissions" WHERE role_id IN (1,2)
2025-10-23 15:19:55 | DEBUG    | DB       |                     | [10.120ms] [rows:20] INSERT INTO "auth_role_permissions" ("role_id","permission_id","read","write","exec") VALUES (1,1,true,true,true),(2,1,true,true,true),(1,2,true,true,true),(2,2,true,true,true),(1,3,true,true,true),(2,3,true,true,true),(1,4,true,true,true),(2,4,true,true,true),(1,5,true,true,true),(2,5,true,true,true),(1,6,true,true,true),(2,6,true,true,true),(1,7,true,true,true),(2,7,true,true,true),(1,8,true,true,true),(2,8,true,true,true),(1,9,true,true,true),(2,9,true,true,true),(1,10,true,true,true),(2,10,true,true,true) RETURNING *
2025-10-23 15:19:55 | DEBUG    | DB       |                     | [7.747ms] [rows:1] SELECT * FROM "auth_user_roles" WHERE role_id = 1 ORDER BY "auth_user_roles"."user_id" LIMIT 1
2025-10-23 15:19:55 | DEBUG    | DB       |                     | [7.320ms] [rows:1] SELECT * FROM "auth_users" WHERE login = 'admin' ORDER BY "auth_users"."id" LIMIT 1
2025-10-23 15:19:55 | DEBUG    | DB       |                     | [7.506ms] [rows:1] SELECT * FROM "auth_users" WHERE "id" = 1024 ORDER BY "auth_users"."id" LIMIT 1
2025-10-23 15:19:55 | DEBUG    | DB       |                     | [7.732ms] [rows:0] SELECT "auth_tasks"."id","auth_tasks"."name","auth_tasks"."type","auth_tasks"."user_id","auth_tasks"."status","auth_tasks"."created_at","auth_tasks"."updated_at" FROM "auth_tasks" WHERE status IN ('running','pending') ORDER BY auth_tasks."created_at" ASC
2025-10-23 15:19:55 | DEBUG    | DB       |                     | [7.961ms] [rows:0] DELETE FROM auth_analytics_admins WHERE created_at < '2022-10-24 12:19:55.715'
2025-10-23 15:19:55 | DEBUG    | DB       |                     | [10.233ms] [rows:0] DELETE FROM auth_analytics_broker WHERE created_at < '2022-10-24 12:19:55.724'
2025-10-23 15:19:55 | DEBUG    | DB       |                     | [12.000ms] [rows:1] SELECT COUNT(*) FROM auth_analytics_admins
2025-10-23 15:19:55 | DEBUG    | DB       |                     | [6.977ms] [rows:1] SELECT COUNT(*) FROM auth_analytics_broker
2025-10-23 15:19:55 | DEBUG    | DB       |                     | [8.235ms] [rows:1] SELECT * FROM "auth_profiles" WHERE user_id = 1024 ORDER BY "auth_profiles"."id" LIMIT 1
2025-10-23 15:19:55 | DEBUG    | DB       |                     | [7.532ms] [rows:3] SELECT * FROM "auth_configs"
2025-10-23 15:19:55 | INFO     | APP      |                     | Starting REST Server
2025-10-23 15:20:50 | DEBUG    | DB       |       1761222050249 | [9.169ms] [rows:1] SELECT * FROM "auth_user_roles" WHERE "auth_user_roles"."user_id" = 1024
2025-10-23 15:20:50 | DEBUG    | DB       |       1761222050249 | [6.563ms] [rows:1] SELECT * FROM "auth_roles" WHERE "auth_roles"."id" = 1
2025-10-23 15:20:50 | DEBUG    | DB       |       1761222050249 | [28.414ms] [rows:1] SELECT * FROM "auth_users" WHERE login = 'admin' ORDER BY "auth_users"."id" LIMIT 1
2025-10-23 15:20:50 | DEBUG    | DB       |       1761222050249 | [26.753ms] [rows:0] SELECT * FROM "auth_users_blocked" WHERE user_id = 1024 ORDER BY "auth_users_blocked"."user_id" LIMIT 1
2025-10-23 15:20:50 | DEBUG    | DB       |       1761222050249 | [8.831ms] [rows:1] INSERT INTO "auth_tokens" ("user_id","device_id","token","logged_at","updated_at","expires_at","provider") VALUES (1024,4,'d3t1r8hd2u2mg2t0ui8g','2025-10-23 12:20:50.413','2025-10-23 12:20:50.413','2025-10-23 20:20:50.413',NULL) ON CONFLICT ("user_id","device_id") DO UPDATE SET "token"="excluded"."token","expires_at"="excluded"."expires_at","updated_at"="excluded"."updated_at","provider"="excluded"."provider" RETURNING *
2025-10-23 15:20:50 | DEBUG    | DB       |       1761222050249 | [3.565ms] [rows:1] SELECT * FROM "auth_user_roles" WHERE "auth_user_roles"."user_id" = 1024
2025-10-23 15:20:50 | DEBUG    | DB       |       1761222050249 | [8.005ms] [rows:10] SELECT * FROM "auth_permissions" WHERE "auth_permissions"."id" IN (1,2,3,4,5,6,7,8,9,10)
2025-10-23 15:20:50 | DEBUG    | DB       |       1761222050249 | [16.859ms] [rows:10] SELECT * FROM "auth_role_permissions" WHERE "auth_role_permissions"."role_id" = 1
2025-10-23 15:20:50 | DEBUG    | DB       |       1761222050249 | [20.334ms] [rows:1] SELECT * FROM "auth_roles" WHERE "auth_roles"."id" = 1
2025-10-23 15:20:50 | DEBUG    | DB       |       1761222050249 | [31.477ms] [rows:1] SELECT * FROM "auth_users" WHERE id = 1024 ORDER BY "auth_users"."id" LIMIT 1
2025-10-23 15:20:50 | DEBUG    | DB       |       1761222050249 | [7.849ms] [rows:1] SELECT * FROM "auth_profiles" WHERE user_id = 1024 ORDER BY "auth_profiles"."id" LIMIT 1
2025-10-23 15:20:50 | INFO     | HTTP     |       1761222050249 | user_id=1024 |  200 |  239.527708ms |       127.0.0.1 | POST     "/api/v1/auth/login"  ⇢ Request JSON: {"device_id":4,"login":"admin","password":"****"} ⇠ Response JSON: {"accessToken":"****","expires":28800,"refreshToken":"****","token_type":"****","user":{"email":null,"first_name":"Admin","id":1024,"last_name":null,"login":"admin","phone":null,"profile":{"address":"Moscow","age":null,"height":null},"roles":[{"exec":["stream","query-history","auth/users","auth/sessions","auth/analytics","news","auth/roles","configs","tasks","auth/users-blocked"],"id":1,"is_system":true,"name":"SuperAdmin","read":["stream","query-history","auth/users","auth/sessions","auth/analytics","news","auth/roles","configs","tasks","auth/users-blocked"],"write":["stream","query-history","auth/users","auth/sessions","auth/analytics","news","auth/roles","configs","tasks","auth/users-blocked"]}],"second_name":null},"user_id":1024}
2025-10-23 15:20:51 | DEBUG    | DB       |       1761222051299 | [6.439ms] [rows:1] SELECT * FROM "auth_user_roles" WHERE "auth_user_roles"."user_id" = 1024
2025-10-23 15:20:51 | DEBUG    | DB       |       1761222051299 | [6.478ms] [rows:1] SELECT * FROM "auth_roles" WHERE "auth_roles"."id" = 1
2025-10-23 15:20:51 | DEBUG    | DB       |       1761222051299 | [20.164ms] [rows:1] SELECT * FROM "auth_users" WHERE login = 'admin' ORDER BY "auth_users"."id" LIMIT 1
2025-10-23 15:20:51 | DEBUG    | DB       |       1761222051299 | [6.649ms] [rows:0] SELECT * FROM "auth_users_blocked" WHERE user_id = 1024 ORDER BY "auth_users_blocked"."user_id" LIMIT 1
2025-10-23 15:20:51 | DEBUG    | DB       |       1761222051299 | [7.809ms] [rows:1] INSERT INTO "auth_tokens" ("user_id","device_id","token","logged_at","updated_at","expires_at","provider") VALUES (1024,4,'d3t1r8pd2u2mg2t0ui90','2025-10-23 12:20:51.434','2025-10-23 12:20:51.434','2025-10-23 20:20:51.434',NULL) ON CONFLICT ("user_id","device_id") DO UPDATE SET "token"="excluded"."token","expires_at"="excluded"."expires_at","updated_at"="excluded"."updated_at","provider"="excluded"."provider" RETURNING *
2025-10-23 15:20:51 | DEBUG    | DB       |       1761222051299 | [3.589ms] [rows:1] SELECT * FROM "auth_user_roles" WHERE "auth_user_roles"."user_id" = 1024
2025-10-23 15:20:51 | DEBUG    | DB       |       1761222051299 | [7.389ms] [rows:10] SELECT * FROM "auth_permissions" WHERE "auth_permissions"."id" IN (1,2,3,4,5,6,7,8,9,10)
2025-10-23 15:20:51 | DEBUG    | DB       |       1761222051299 | [14.925ms] [rows:10] SELECT * FROM "auth_role_permissions" WHERE "auth_role_permissions"."role_id" = 1
2025-10-23 15:20:51 | DEBUG    | DB       |       1761222051299 | [18.682ms] [rows:1] SELECT * FROM "auth_roles" WHERE "auth_roles"."id" = 1
2025-10-23 15:20:51 | DEBUG    | DB       |       1761222051299 | [29.481ms] [rows:1] SELECT * FROM "auth_users" WHERE id = 1024 ORDER BY "auth_users"."id" LIMIT 1
2025-10-23 15:20:51 | DEBUG    | DB       |       1761222051299 | [6.603ms] [rows:1] SELECT * FROM "auth_profiles" WHERE user_id = 1024 ORDER BY "auth_profiles"."id" LIMIT 1
2025-10-23 15:20:51 | INFO     | HTTP     |       1761222051299 | user_id=1024 |  200 |  202.807917ms |       127.0.0.1 | POST     "/api/v1/auth/login"  ⇢ Request JSON: {"device_id":4,"login":"admin","password":"****"} ⇠ Response JSON: {"accessToken":"****","expires":28800,"refreshToken":"****","token_type":"****","user":{"email":null,"first_name":"Admin","id":1024,"last_name":null,"login":"admin","phone":null,"profile":{"address":"Moscow","age":null,"height":null},"roles":[{"exec":["stream","query-history","auth/users","auth/sessions","auth/analytics","news","auth/roles","configs","tasks","auth/users-blocked"],"id":1,"is_system":true,"name":"SuperAdmin","read":["stream","query-history","auth/users","auth/sessions","auth/analytics","news","auth/roles","configs","tasks","auth/users-blocked"],"write":["stream","query-history","auth/users","auth/sessions","auth/analytics","news","auth/roles","configs","tasks","auth/users-blocked"]}],"second_name":null},"user_id":1024}
2025-10-23 15:20:52 | DEBUG    | DB       |       1761222052032 | [6.977ms] [rows:1] SELECT * FROM "auth_user_roles" WHERE "auth_user_roles"."user_id" = 1024
2025-10-23 15:20:52 | DEBUG    | DB       |       1761222052032 | [7.007ms] [rows:1] SELECT * FROM "auth_roles" WHERE "auth_roles"."id" = 1
2025-10-23 15:20:52 | DEBUG    | DB       |       1761222052032 | [22.243ms] [rows:1] SELECT * FROM "auth_users" WHERE login = 'admin' ORDER BY "auth_users"."id" LIMIT 1
2025-10-23 15:20:52 | DEBUG    | DB       |       1761222052032 | [3.315ms] [rows:0] SELECT * FROM "auth_users_blocked" WHERE user_id = 1024 ORDER BY "auth_users_blocked"."user_id" LIMIT 1
2025-10-23 15:20:52 | DEBUG    | DB       |       1761222052032 | [8.416ms] [rows:1] INSERT INTO "auth_tokens" ("user_id","device_id","token","logged_at","updated_at","expires_at","provider") VALUES (1024,4,'d3t1r91d2u2mg2t0ui9g','2025-10-23 12:20:52.16','2025-10-23 12:20:52.16','2025-10-23 20:20:52.16',NULL) ON CONFLICT ("user_id","device_id") DO UPDATE SET "token"="excluded"."token","expires_at"="excluded"."expires_at","updated_at"="excluded"."updated_at","provider"="excluded"."provider" RETURNING *
2025-10-23 15:20:52 | DEBUG    | DB       |       1761222052032 | [3.593ms] [rows:1] SELECT * FROM "auth_user_roles" WHERE "auth_user_roles"."user_id" = 1024
2025-10-23 15:20:52 | DEBUG    | DB       |       1761222052032 | [7.278ms] [rows:10] SELECT * FROM "auth_permissions" WHERE "auth_permissions"."id" IN (1,2,3,4,5,6,7,8,9,10)
2025-10-23 15:20:52 | DEBUG    | DB       |       1761222052032 | [14.602ms] [rows:10] SELECT * FROM "auth_role_permissions" WHERE "auth_role_permissions"."role_id" = 1
2025-10-23 15:20:52 | DEBUG    | DB       |       1761222052032 | [18.344ms] [rows:1] SELECT * FROM "auth_roles" WHERE "auth_roles"."id" = 1
2025-10-23 15:20:52 | DEBUG    | DB       |       1761222052032 | [28.932ms] [rows:1] SELECT * FROM "auth_users" WHERE id = 1024 ORDER BY "auth_users"."id" LIMIT 1
2025-10-23 15:20:52 | DEBUG    | DB       |       1761222052032 | [6.953ms] [rows:1] SELECT * FROM "auth_profiles" WHERE user_id = 1024 ORDER BY "auth_profiles"."id" LIMIT 1
2025-10-23 15:20:52 | INFO     | HTTP     |       1761222052032 | user_id=1024 |  200 |  196.978792ms |       127.0.0.1 | POST     "/api/v1/auth/login"  ⇢ Request JSON: {"device_id":4,"login":"admin","password":"****"} ⇠ Response JSON: {"accessToken":"****","expires":28800,"refreshToken":"****","token_type":"****","user":{"email":null,"first_name":"Admin","id":1024,"last_name":null,"login":"admin","phone":null,"profile":{"address":"Moscow","age":null,"height":null},"roles":[{"exec":["stream","query-history","auth/users","auth/sessions","auth/analytics","news","auth/roles","configs","tasks","auth/users-blocked"],"id":1,"is_system":true,"name":"SuperAdmin","read":["stream","query-history","auth/users","auth/sessions","auth/analytics","news","auth/roles","configs","tasks","auth/users-blocked"],"write":["stream","query-history","auth/users","auth/sessions","auth/analytics","news","auth/roles","configs","tasks","auth/users-blocked"]}],"second_name":null},"user_id":1024}
2025-10-23 15:20:52 | DEBUG    | DB       |       1761222052635 | [6.718ms] [rows:1] SELECT * FROM "auth_user_roles" WHERE "auth_user_roles"."user_id" = 1024
2025-10-23 15:20:52 | DEBUG    | DB       |       1761222052635 | [7.823ms] [rows:1] SELECT * FROM "auth_roles" WHERE "auth_roles"."id" = 1
2025-10-23 15:20:52 | DEBUG    | DB       |       1761222052635 | [22.647ms] [rows:1] SELECT * FROM "auth_users" WHERE login = 'admin' ORDER BY "auth_users"."id" LIMIT 1
2025-10-23 15:20:52 | DEBUG    | DB       |       1761222052635 | [6.247ms] [rows:0] SELECT * FROM "auth_users_blocked" WHERE user_id = 1024 ORDER BY "auth_users_blocked"."user_id" LIMIT 1
2025-10-23 15:20:52 | DEBUG    | DB       |       1761222052635 | [8.466ms] [rows:1] INSERT INTO "auth_tokens" ("user_id","device_id","token","logged_at","updated_at","expires_at","provider") VALUES (1024,4,'d3t1r91d2u2mg2t0uia0','2025-10-23 12:20:52.764','2025-10-23 12:20:52.764','2025-10-23 20:20:52.764',NULL) ON CONFLICT ("user_id","device_id") DO UPDATE SET "token"="excluded"."token","expires_at"="excluded"."expires_at","updated_at"="excluded"."updated_at","provider"="excluded"."provider" RETURNING *
2025-10-23 15:20:52 | DEBUG    | DB       |       1761222052635 | [3.644ms] [rows:1] SELECT * FROM "auth_user_roles" WHERE "auth_user_roles"."user_id" = 1024
2025-10-23 15:20:52 | DEBUG    | DB       |       1761222052635 | [6.965ms] [rows:10] SELECT * FROM "auth_permissions" WHERE "auth_permissions"."id" IN (1,2,3,4,5,6,7,8,9,10)
2025-10-23 15:20:52 | DEBUG    | DB       |       1761222052635 | [14.334ms] [rows:10] SELECT * FROM "auth_role_permissions" WHERE "auth_role_permissions"."role_id" = 1
2025-10-23 15:20:52 | DEBUG    | DB       |       1761222052635 | [18.078ms] [rows:1] SELECT * FROM "auth_roles" WHERE "auth_roles"."id" = 1
2025-10-23 15:20:52 | DEBUG    | DB       |       1761222052635 | [29.128ms] [rows:1] SELECT * FROM "auth_users" WHERE id = 1024 ORDER BY "auth_users"."id" LIMIT 1
2025-10-23 15:20:52 | DEBUG    | DB       |       1761222052635 | [7.723ms] [rows:1] SELECT * FROM "auth_profiles" WHERE user_id = 1024 ORDER BY "auth_profiles"."id" LIMIT 1
2025-10-23 15:20:52 | INFO     | HTTP     |       1761222052635 | user_id=1024 |  200 |  199.380167ms |       127.0.0.1 | POST     "/api/v1/auth/login"  ⇢ Request JSON: {"device_id":4,"login":"admin","password":"****"} ⇠ Response JSON: {"accessToken":"****","expires":28800,"refreshToken":"****","token_type":"****","user":{"email":null,"first_name":"Admin","id":1024,"last_name":null,"login":"admin","phone":null,"profile":{"address":"Moscow","age":null,"height":null},"roles":[{"exec":["stream","query-history","auth/users","auth/sessions","auth/analytics","news","auth/roles","configs","tasks","auth/users-blocked"],"id":1,"is_system":true,"name":"SuperAdmin","read":["stream","query-history","auth/users","auth/sessions","auth/analytics","news","auth/roles","configs","tasks","auth/users-blocked"],"write":["stream","query-history","auth/users","auth/sessions","auth/analytics","news","auth/roles","configs","tasks","auth/users-blocked"]}],"second_name":null},"user_id":1024}
2025-10-23 15:20:53 | DEBUG    | DB       |       1761222053288 | [6.926ms] [rows:1] SELECT * FROM "auth_user_roles" WHERE "auth_user_roles"."user_id" = 1024
2025-10-23 15:20:53 | DEBUG    | DB       |       1761222053288 | [6.578ms] [rows:1] SELECT * FROM "auth_roles" WHERE "auth_roles"."id" = 1
2025-10-23 15:20:53 | DEBUG    | DB       |       1761222053288 | [21.708ms] [rows:1] SELECT * FROM "auth_users" WHERE login = 'admin' ORDER BY "auth_users"."id" LIMIT 1
2025-10-23 15:20:53 | DEBUG    | DB       |       1761222053288 | [3.493ms] [rows:0] SELECT * FROM "auth_users_blocked" WHERE user_id = 1024 ORDER BY "auth_users_blocked"."user_id" LIMIT 1
2025-10-23 15:20:53 | DEBUG    | DB       |       1761222053288 | [8.344ms] [rows:1] INSERT INTO "auth_tokens" ("user_id","device_id","token","logged_at","updated_at","expires_at","provider") VALUES (1024,4,'d3t1r99d2u2mg2t0uiag','2025-10-23 12:20:53.417','2025-10-23 12:20:53.417','2025-10-23 20:20:53.417',NULL) ON CONFLICT ("user_id","device_id") DO UPDATE SET "token"="excluded"."token","expires_at"="excluded"."expires_at","updated_at"="excluded"."updated_at","provider"="excluded"."provider" RETURNING *
2025-10-23 15:20:53 | DEBUG    | DB       |       1761222053288 | [3.203ms] [rows:1] SELECT * FROM "auth_user_roles" WHERE "auth_user_roles"."user_id" = 1024
2025-10-23 15:20:53 | DEBUG    | DB       |       1761222053288 | [6.850ms] [rows:10] SELECT * FROM "auth_permissions" WHERE "auth_permissions"."id" IN (1,2,3,4,5,6,7,8,9,10)
2025-10-23 15:20:53 | DEBUG    | DB       |       1761222053288 | [14.429ms] [rows:10] SELECT * FROM "auth_role_permissions" WHERE "auth_role_permissions"."role_id" = 1
2025-10-23 15:20:53 | DEBUG    | DB       |       1761222053288 | [17.849ms] [rows:1] SELECT * FROM "auth_roles" WHERE "auth_roles"."id" = 1
2025-10-23 15:20:53 | DEBUG    | DB       |       1761222053288 | [28.551ms] [rows:1] SELECT * FROM "auth_users" WHERE id = 1024 ORDER BY "auth_users"."id" LIMIT 1
2025-10-23 15:20:53 | DEBUG    | DB       |       1761222053288 | [6.931ms] [rows:1] SELECT * FROM "auth_profiles" WHERE user_id = 1024 ORDER BY "auth_profiles"."id" LIMIT 1
2025-10-23 15:20:53 | INFO     | HTTP     |       1761222053288 | user_id=1024 |  200 |  197.078333ms |       127.0.0.1 | POST     "/api/v1/auth/login"  ⇢ Request JSON: {"device_id":4,"login":"admin","password":"****"} ⇠ Response JSON: {"accessToken":"****","expires":28800,"refreshToken":"****","token_type":"****","user":{"email":null,"first_name":"Admin","id":1024,"last_name":null,"login":"admin","phone":null,"profile":{"address":"Moscow","age":null,"height":null},"roles":[{"exec":["stream","query-history","auth/users","auth/sessions","auth/analytics","news","auth/roles","configs","tasks","auth/users-blocked"],"id":1,"is_system":true,"name":"SuperAdmin","read":["stream","query-history","auth/users","auth/sessions","auth/analytics","news","auth/roles","configs","tasks","auth/users-blocked"],"write":["stream","query-history","auth/users","auth/sessions","auth/analytics","news","auth/roles","configs","tasks","auth/users-blocked"]}],"second_name":null},"user_id":1024}
2025-10-23 15:20:54 | DEBUG    | DB       |       1761222054005 | [7.330ms] [rows:1] SELECT * FROM "auth_user_roles" WHERE "auth_user_roles"."user_id" = 1024
2025-10-23 15:20:54 | DEBUG    | DB       |       1761222054005 | [6.748ms] [rows:1] SELECT * FROM "auth_roles" WHERE "auth_roles"."id" = 1
2025-10-23 15:20:54 | DEBUG    | DB       |       1761222054005 | [21.630ms] [rows:1] SELECT * FROM "auth_users" WHERE login = 'admin' ORDER BY "auth_users"."id" LIMIT 1
2025-10-23 15:20:54 | DEBUG    | DB       |       1761222054005 | [3.623ms] [rows:0] SELECT * FROM "auth_users_blocked" WHERE user_id = 1024 ORDER BY "auth_users_blocked"."user_id" LIMIT 1
2025-10-23 15:20:54 | DEBUG    | DB       |       1761222054005 | [8.146ms] [rows:1] INSERT INTO "auth_tokens" ("user_id","device_id","token","logged_at","updated_at","expires_at","provider") VALUES (1024,4,'d3t1r9hd2u2mg2t0uib0','2025-10-23 12:20:54.139','2025-10-23 12:20:54.139','2025-10-23 20:20:54.139',NULL) ON CONFLICT ("user_id","device_id") DO UPDATE SET "token"="excluded"."token","expires_at"="excluded"."expires_at","updated_at"="excluded"."updated_at","provider"="excluded"."provider" RETURNING *
2025-10-23 15:20:54 | DEBUG    | DB       |       1761222054005 | [3.900ms] [rows:1] SELECT * FROM "auth_user_roles" WHERE "auth_user_roles"."user_id" = 1024
2025-10-23 15:20:54 | DEBUG    | DB       |       1761222054005 | [7.191ms] [rows:10] SELECT * FROM "auth_permissions" WHERE "auth_permissions"."id" IN (1,2,3,4,5,6,7,8,9,10)
2025-10-23 15:20:54 | DEBUG    | DB       |       1761222054005 | [14.023ms] [rows:10] SELECT * FROM "auth_role_permissions" WHERE "auth_role_permissions"."role_id" = 1
2025-10-23 15:20:54 | DEBUG    | DB       |       1761222054005 | [17.623ms] [rows:1] SELECT * FROM "auth_roles" WHERE "auth_roles"."id" = 1
2025-10-23 15:20:54 | DEBUG    | DB       |       1761222054005 | [29.067ms] [rows:1] SELECT * FROM "auth_users" WHERE id = 1024 ORDER BY "auth_users"."id" LIMIT 1
2025-10-23 15:20:54 | DEBUG    | DB       |       1761222054005 | [6.728ms] [rows:1] SELECT * FROM "auth_profiles" WHERE user_id = 1024 ORDER BY "auth_profiles"."id" LIMIT 1
2025-10-23 15:20:54 | INFO     | HTTP     |       1761222054005 | user_id=1024 |  200 |  202.402208ms |       127.0.0.1 | POST     "/api/v1/auth/login"  ⇢ Request JSON: {"device_id":4,"login":"admin","password":"****"} ⇠ Response JSON: {"accessToken":"****","expires":28800,"refreshToken":"****","token_type":"****","user":{"email":null,"first_name":"Admin","id":1024,"last_name":null,"login":"admin","phone":null,"profile":{"address":"Moscow","age":null,"height":null},"roles":[{"exec":["stream","query-history","auth/users","auth/sessions","auth/analytics","news","auth/roles","configs","tasks","auth/users-blocked"],"id":1,"is_system":true,"name":"SuperAdmin","read":["stream","query-history","auth/users","auth/sessions","auth/analytics","news","auth/roles","configs","tasks","auth/users-blocked"],"write":["stream","query-history","auth/users","auth/sessions","auth/analytics","news","auth/roles","configs","tasks","auth/users-blocked"]}],"second_name":null},"user_id":1024}
2025-10-23 15:20:54 | DEBUG    | DB       |       1761222054681 | [8.355ms] [rows:1] SELECT * FROM "auth_user_roles" WHERE "auth_user_roles"."user_id" = 1024
2025-10-23 15:20:54 | DEBUG    | DB       |       1761222054681 | [7.171ms] [rows:1] SELECT * FROM "auth_roles" WHERE "auth_roles"."id" = 1
2025-10-23 15:20:54 | DEBUG    | DB       |       1761222054681 | [23.241ms] [rows:1] SELECT * FROM "auth_users" WHERE login = 'admin' ORDER BY "auth_users"."id" LIMIT 1
2025-10-23 15:20:54 | DEBUG    | DB       |       1761222054681 | [3.380ms] [rows:0] SELECT * FROM "auth_users_blocked" WHERE user_id = 1024 ORDER BY "auth_users_blocked"."user_id" LIMIT 1
2025-10-23 15:20:54 | DEBUG    | DB       |       1761222054681 | [8.515ms] [rows:1] INSERT INTO "auth_tokens" ("user_id","device_id","token","logged_at","updated_at","expires_at","provider") VALUES (1024,4,'d3t1r9hd2u2mg2t0uibg','2025-10-23 12:20:54.812','2025-10-23 12:20:54.812','2025-10-23 20:20:54.812',NULL) ON CONFLICT ("user_id","device_id") DO UPDATE SET "token"="excluded"."token","expires_at"="excluded"."expires_at","updated_at"="excluded"."updated_at","provider"="excluded"."provider" RETURNING *
2025-10-23 15:20:54 | DEBUG    | DB       |       1761222054681 | [3.444ms] [rows:1] SELECT * FROM "auth_user_roles" WHERE "auth_user_roles"."user_id" = 1024
2025-10-23 15:20:54 | DEBUG    | DB       |       1761222054681 | [7.203ms] [rows:10] SELECT * FROM "auth_permissions" WHERE "auth_permissions"."id" IN (1,2,3,4,5,6,7,8,9,10)
2025-10-23 15:20:54 | DEBUG    | DB       |       1761222054681 | [14.879ms] [rows:10] SELECT * FROM "auth_role_permissions" WHERE "auth_role_permissions"."role_id" = 1
2025-10-23 15:20:54 | DEBUG    | DB       |       1761222054681 | [18.271ms] [rows:1] SELECT * FROM "auth_roles" WHERE "auth_roles"."id" = 1
2025-10-23 15:20:54 | DEBUG    | DB       |       1761222054681 | [28.088ms] [rows:1] SELECT * FROM "auth_users" WHERE id = 1024 ORDER BY "auth_users"."id" LIMIT 1
2025-10-23 15:20:54 | DEBUG    | DB       |       1761222054681 | [6.649ms] [rows:1] SELECT * FROM "auth_profiles" WHERE user_id = 1024 ORDER BY "auth_profiles"."id" LIMIT 1
2025-10-23 15:20:54 | INFO     | HTTP     |       1761222054681 | user_id=1024 |  200 |  197.100584ms |       127.0.0.1 | POST     "/api/v1/auth/login"  ⇢ Request JSON: {"device_id":4,"login":"admin","password":"****"} ⇠ Response JSON: {"accessToken":"****","expires":28800,"refreshToken":"****","token_type":"****","user":{"email":null,"first_name":"Admin","id":1024,"last_name":null,"login":"admin","phone":null,"profile":{"address":"Moscow","age":null,"height":null},"roles":[{"exec":["stream","query-history","auth/users","auth/sessions","auth/analytics","news","auth/roles","configs","tasks","auth/users-blocked"],"id":1,"is_system":true,"name":"SuperAdmin","read":["stream","query-history","auth/users","auth/sessions","auth/analytics","news","auth/roles","configs","tasks","auth/users-blocked"],"write":["stream","query-history","auth/users","auth/sessions","auth/analytics","news","auth/roles","configs","tasks","auth/users-blocked"]}],"second_name":null},"user_id":1024}
2025-10-23 15:20:55 | DEBUG    | DB       |       1761222055351 | [6.824ms] [rows:1] SELECT * FROM "auth_user_roles" WHERE "auth_user_roles"."user_id" = 1024
2025-10-23 15:20:55 | DEBUG    | DB       |       1761222055351 | [6.573ms] [rows:1] SELECT * FROM "auth_roles" WHERE "auth_roles"."id" = 1
2025-10-23 15:20:55 | DEBUG    | DB       |       1761222055351 | [21.314ms] [rows:1] SELECT * FROM "auth_users" WHERE login = 'admin' ORDER BY "auth_users"."id" LIMIT 1
2025-10-23 15:20:55 | DEBUG    | DB       |       1761222055351 | [2.920ms] [rows:0] SELECT * FROM "auth_users_blocked" WHERE user_id = 1024 ORDER BY "auth_users_blocked"."user_id" LIMIT 1
2025-10-23 15:20:55 | DEBUG    | DB       |       1761222055351 | [7.814ms] [rows:1] INSERT INTO "auth_tokens" ("user_id","device_id","token","logged_at","updated_at","expires_at","provider") VALUES (1024,4,'d3t1r9pd2u2mg2t0uic0','2025-10-23 12:20:55.476','2025-10-23 12:20:55.476','2025-10-23 20:20:55.476',NULL) ON CONFLICT ("user_id","device_id") DO UPDATE SET "token"="excluded"."token","expires_at"="excluded"."expires_at","updated_at"="excluded"."updated_at","provider"="excluded"."provider" RETURNING *
2025-10-23 15:20:55 | DEBUG    | DB       |       1761222055351 | [3.671ms] [rows:1] SELECT * FROM "auth_user_roles" WHERE "auth_user_roles"."user_id" = 1024
2025-10-23 15:20:55 | DEBUG    | DB       |       1761222055351 | [7.357ms] [rows:10] SELECT * FROM "auth_permissions" WHERE "auth_permissions"."id" IN (1,2,3,4,5,6,7,8,9,10)
2025-10-23 15:20:55 | DEBUG    | DB       |       1761222055351 | [14.214ms] [rows:10] SELECT * FROM "auth_role_permissions" WHERE "auth_role_permissions"."role_id" = 1
2025-10-23 15:20:55 | DEBUG    | DB       |       1761222055351 | [17.461ms] [rows:1] SELECT * FROM "auth_roles" WHERE "auth_roles"."id" = 1
2025-10-23 15:20:55 | DEBUG    | DB       |       1761222055351 | [27.445ms] [rows:1] SELECT * FROM "auth_users" WHERE id = 1024 ORDER BY "auth_users"."id" LIMIT 1
2025-10-23 15:20:55 | DEBUG    | DB       |       1761222055351 | [9.144ms] [rows:1] SELECT * FROM "auth_profiles" WHERE user_id = 1024 ORDER BY "auth_profiles"."id" LIMIT 1
2025-10-23 15:20:55 | INFO     | HTTP     |       1761222055351 | user_id=1024 |  200 |  195.732625ms |       127.0.0.1 | POST     "/api/v1/auth/login"  ⇢ Request JSON: {"device_id":4,"login":"admin","password":"****"} ⇠ Response JSON: {"accessToken":"****","expires":28800,"refreshToken":"****","token_type":"****","user":{"email":null,"first_name":"Admin","id":1024,"last_name":null,"login":"admin","phone":null,"profile":{"address":"Moscow","age":null,"height":null},"roles":[{"exec":["stream","query-history","auth/users","auth/sessions","auth/analytics","news","auth/roles","configs","tasks","auth/users-blocked"],"id":1,"is_system":true,"name":"SuperAdmin","read":["stream","query-history","auth/users","auth/sessions","auth/analytics","news","auth/roles","configs","tasks","auth/users-blocked"],"write":["stream","query-history","auth/users","auth/sessions","auth/analytics","news","auth/roles","configs","tasks","auth/users-blocked"]}],"second_name":null},"user_id":1024}
2025-10-23 15:20:55 | DEBUG    | DB       |       1761222055709 | [10.953ms] [rows:8] INSERT INTO "auth_analytics_admins" ("operation_id","path","method","status_code","client_ip","request_body","response_body","created_at","user_id","login","name","error","action") VALUES ('1761222050249','/api/v1/auth/login','POST',200,'127.0.0.1','<binary>','<binary>','2025-10-23 12:20:50.259',1024,'admin','Admin',NULL,'Вход администратора в систему'),('1761222051299','/api/v1/auth/login','POST',200,'127.0.0.1','<binary>','<binary>','2025-10-23 12:20:51.31',1024,'admin','Admin',NULL,'Вход администратора в систему'),('1761222052032','/api/v1/auth/login','POST',200,'127.0.0.1','<binary>','<binary>','2025-10-23 12:20:52.042',1024,'admin','Admin',NULL,'Вход администратора в систему'),('1761222052635','/api/v1/auth/login','POST',200,'127.0.0.1','<binary>','<binary>','2025-10-23 12:20:52.644',1024,'admin','Admin',NULL,'Вход администратора в систему'),('1761222053288','/api/v1/auth/login','POST',200,'127.0.0.1','<binary>','<binary>','2025-10-23 12:20:53.297',1024,'admin','Admin',NULL,'Вход администратора в систему'),('1761222054005','/api/v1/auth/login','POST',200,'127.0.0.1','<binary>','<binary>','2025-10-23 12:20:54.014',1024,'admin','Admin',NULL,'Вход администратора в систему'),('1761222054681','/api/v1/auth/login','POST',200,'127.0.0.1','<binary>','<binary>','2025-10-23 12:20:54.691',1024,'admin','Admin',NULL,'Вход администратора в систему'),('1761222055351','/api/v1/auth/login','POST',200,'127.0.0.1','<binary>','<binary>','2025-10-23 12:20:55.359',1024,'admin','Admin',NULL,'Вход администратора в систему') RETURNING *
2025-10-23 15:20:55 | DEBUG    | DB       |                     | [5.721ms] [rows:0] DELETE FROM auth_users_blocked WHERE blocked_at <= '2025-10-23 11:20:55.716'
2025-10-23 15:20:56 | DEBUG    | DB       |       1761222056078 | [7.029ms] [rows:1] SELECT * FROM "auth_user_roles" WHERE "auth_user_roles"."user_id" = 1024
2025-10-23 15:20:56 | DEBUG    | DB       |       1761222056078 | [7.370ms] [rows:1] SELECT * FROM "auth_roles" WHERE "auth_roles"."id" = 1
2025-10-23 15:20:56 | DEBUG    | DB       |       1761222056078 | [23.849ms] [rows:1] SELECT * FROM "auth_users" WHERE login = 'admin' ORDER BY "auth_users"."id" LIMIT 1
2025-10-23 15:20:56 | DEBUG    | DB       |       1761222056078 | [7.790ms] [rows:0] SELECT * FROM "auth_users_blocked" WHERE user_id = 1024 ORDER BY "auth_users_blocked"."user_id" LIMIT 1
2025-10-23 15:20:56 | DEBUG    | DB       |       1761222056078 | [8.407ms] [rows:1] INSERT INTO "auth_tokens" ("user_id","device_id","token","logged_at","updated_at","expires_at","provider") VALUES (1024,4,'d3t1ra1d2u2mg2t0uicg','2025-10-23 12:20:56.207','2025-10-23 12:20:56.207','2025-10-23 20:20:56.207',NULL) ON CONFLICT ("user_id","device_id") DO UPDATE SET "token"="excluded"."token","expires_at"="excluded"."expires_at","updated_at"="excluded"."updated_at","provider"="excluded"."provider" RETURNING *
2025-10-23 15:20:56 | DEBUG    | DB       |       1761222056078 | [2.690ms] [rows:1] SELECT * FROM "auth_user_roles" WHERE "auth_user_roles"."user_id" = 1024
2025-10-23 15:20:56 | DEBUG    | DB       |       1761222056078 | [7.305ms] [rows:10] SELECT * FROM "auth_permissions" WHERE "auth_permissions"."id" IN (1,2,3,4,5,6,7,8,9,10)
2025-10-23 15:20:56 | DEBUG    | DB       |       1761222056078 | [14.983ms] [rows:10] SELECT * FROM "auth_role_permissions" WHERE "auth_role_permissions"."role_id" = 1
2025-10-23 15:20:56 | DEBUG    | DB       |       1761222056078 | [18.539ms] [rows:1] SELECT * FROM "auth_roles" WHERE "auth_roles"."id" = 1
2025-10-23 15:20:56 | DEBUG    | DB       |       1761222056078 | [28.262ms] [rows:1] SELECT * FROM "auth_users" WHERE id = 1024 ORDER BY "auth_users"."id" LIMIT 1
2025-10-23 15:20:56 | DEBUG    | DB       |       1761222056078 | [7.244ms] [rows:1] SELECT * FROM "auth_profiles" WHERE user_id = 1024 ORDER BY "auth_profiles"."id" LIMIT 1
2025-10-23 15:20:56 | INFO     | HTTP     |       1761222056078 | user_id=1024 |  200 |  195.894709ms |       127.0.0.1 | POST     "/api/v1/auth/login"  ⇢ Request JSON: {"device_id":4,"login":"admin","password":"****"} ⇠ Response JSON: {"accessToken":"****","expires":28800,"refreshToken":"****","token_type":"****","user":{"email":null,"first_name":"Admin","id":1024,"last_name":null,"login":"admin","phone":null,"profile":{"address":"Moscow","age":null,"height":null},"roles":[{"exec":["stream","query-history","auth/users","auth/sessions","auth/analytics","news","auth/roles","configs","tasks","auth/users-blocked"],"id":1,"is_system":true,"name":"SuperAdmin","read":["stream","query-history","auth/users","auth/sessions","auth/analytics","news","auth/roles","configs","tasks","auth/users-blocked"],"write":["stream","query-history","auth/users","auth/sessions","auth/analytics","news","auth/roles","configs","tasks","auth/users-blocked"]}],"second_name":null},"user_id":1024}
2025-10-23 15:20:56 | DEBUG    | DB       |       1761222056779 | [6.933ms] [rows:1] SELECT * FROM "auth_user_roles" WHERE "auth_user_roles"."user_id" = 1024
2025-10-23 15:20:56 | DEBUG    | DB       |       1761222056779 | [7.615ms] [rows:1] SELECT * FROM "auth_roles" WHERE "auth_roles"."id" = 1
2025-10-23 15:20:56 | DEBUG    | DB       |       1761222056779 | [22.502ms] [rows:1] SELECT * FROM "auth_users" WHERE login = 'admin' ORDER BY "auth_users"."id" LIMIT 1
2025-10-23 15:20:56 | DEBUG    | DB       |       1761222056779 | [2.439ms] [rows:0] SELECT * FROM "auth_users_blocked" WHERE user_id = 1024 ORDER BY "auth_users_blocked"."user_id" LIMIT 1
2025-10-23 15:20:56 | DEBUG    | DB       |       1761222056779 | [8.885ms] [rows:1] INSERT INTO "auth_tokens" ("user_id","device_id","token","logged_at","updated_at","expires_at","provider") VALUES (1024,4,'d3t1ra1d2u2mg2t0uid0','2025-10-23 12:20:56.904','2025-10-23 12:20:56.904','2025-10-23 20:20:56.904',NULL) ON CONFLICT ("user_id","device_id") DO UPDATE SET "token"="excluded"."token","expires_at"="excluded"."expires_at","updated_at"="excluded"."updated_at","provider"="excluded"."provider" RETURNING *
2025-10-23 15:20:56 | DEBUG    | DB       |       1761222056779 | [3.635ms] [rows:1] SELECT * FROM "auth_user_roles" WHERE "auth_user_roles"."user_id" = 1024
2025-10-23 15:20:56 | DEBUG    | DB       |       1761222056779 | [7.421ms] [rows:10] SELECT * FROM "auth_permissions" WHERE "auth_permissions"."id" IN (1,2,3,4,5,6,7,8,9,10)
2025-10-23 15:20:56 | DEBUG    | DB       |       1761222056779 | [14.763ms] [rows:10] SELECT * FROM "auth_role_permissions" WHERE "auth_role_permissions"."role_id" = 1
2025-10-23 15:20:56 | DEBUG    | DB       |       1761222056779 | [18.449ms] [rows:1] SELECT * FROM "auth_roles" WHERE "auth_roles"."id" = 1
2025-10-23 15:20:56 | DEBUG    | DB       |       1761222056779 | [29.058ms] [rows:1] SELECT * FROM "auth_users" WHERE id = 1024 ORDER BY "auth_users"."id" LIMIT 1
2025-10-23 15:20:56 | DEBUG    | DB       |       1761222056779 | [6.917ms] [rows:1] SELECT * FROM "auth_profiles" WHERE user_id = 1024 ORDER BY "auth_profiles"."id" LIMIT 1
2025-10-23 15:20:56 | INFO     | HTTP     |       1761222056779 | user_id=1024 |  200 |  196.686334ms |       127.0.0.1 | POST     "/api/v1/auth/login"  ⇢ Request JSON: {"device_id":4,"login":"admin","password":"****"} ⇠ Response JSON: {"accessToken":"****","expires":28800,"refreshToken":"****","token_type":"****","user":{"email":null,"first_name":"Admin","id":1024,"last_name":null,"login":"admin","phone":null,"profile":{"address":"Moscow","age":null,"height":null},"roles":[{"exec":["stream","query-history","auth/users","auth/sessions","auth/analytics","news","auth/roles","configs","tasks","auth/users-blocked"],"id":1,"is_system":true,"name":"SuperAdmin","read":["stream","query-history","auth/users","auth/sessions","auth/analytics","news","auth/roles","configs","tasks","auth/users-blocked"],"write":["stream","query-history","auth/users","auth/sessions","auth/analytics","news","auth/roles","configs","tasks","auth/users-blocked"]}],"second_name":null},"user_id":1024}
2025-10-23 15:20:57 | DEBUG    | DB       |       1761222057479 | [8.179ms] [rows:1] SELECT * FROM "auth_user_roles" WHERE "auth_user_roles"."user_id" = 1024
2025-10-23 15:20:57 | DEBUG    | DB       |       1761222057479 | [7.443ms] [rows:1] SELECT * FROM "auth_roles" WHERE "auth_roles"."id" = 1
2025-10-23 15:20:57 | DEBUG    | DB       |       1761222057479 | [24.876ms] [rows:1] SELECT * FROM "auth_users" WHERE login = 'admin' ORDER BY "auth_users"."id" LIMIT 1
2025-10-23 15:20:57 | DEBUG    | DB       |       1761222057479 | [3.139ms] [rows:0] SELECT * FROM "auth_users_blocked" WHERE user_id = 1024 ORDER BY "auth_users_blocked"."user_id" LIMIT 1
2025-10-23 15:20:57 | DEBUG    | DB       |       1761222057479 | [7.376ms] [rows:1] INSERT INTO "auth_tokens" ("user_id","device_id","token","logged_at","updated_at","expires_at","provider") VALUES (1024,4,'d3t1ra9d2u2mg2t0uidg','2025-10-23 12:20:57.613','2025-10-23 12:20:57.613','2025-10-23 20:20:57.613',NULL) ON CONFLICT ("user_id","device_id") DO UPDATE SET "token"="excluded"."token","expires_at"="excluded"."expires_at","updated_at"="excluded"."updated_at","provider"="excluded"."provider" RETURNING *
2025-10-23 15:20:57 | DEBUG    | DB       |       1761222057479 | [3.815ms] [rows:1] SELECT * FROM "auth_user_roles" WHERE "auth_user_roles"."user_id" = 1024
2025-10-23 15:20:57 | DEBUG    | DB       |       1761222057479 | [6.726ms] [rows:10] SELECT * FROM "auth_permissions" WHERE "auth_permissions"."id" IN (1,2,3,4,5,6,7,8,9,10)
2025-10-23 15:20:57 | DEBUG    | DB       |       1761222057479 | [14.242ms] [rows:10] SELECT * FROM "auth_role_permissions" WHERE "auth_role_permissions"."role_id" = 1
2025-10-23 15:20:57 | DEBUG    | DB       |       1761222057479 | [17.589ms] [rows:1] SELECT * FROM "auth_roles" WHERE "auth_roles"."id" = 1
2025-10-23 15:20:57 | DEBUG    | DB       |       1761222057479 | [27.843ms] [rows:1] SELECT * FROM "auth_users" WHERE id = 1024 ORDER BY "auth_users"."id" LIMIT 1
2025-10-23 15:20:57 | DEBUG    | DB       |       1761222057479 | [6.518ms] [rows:1] SELECT * FROM "auth_profiles" WHERE user_id = 1024 ORDER BY "auth_profiles"."id" LIMIT 1
2025-10-23 15:20:57 | INFO     | HTTP     |       1761222057479 | user_id=1024 |  200 |  201.179959ms |       127.0.0.1 | POST     "/api/v1/auth/login"  ⇢ Request JSON: {"device_id":4,"login":"admin","password":"****"} ⇠ Response JSON: {"accessToken":"****","expires":28800,"refreshToken":"****","token_type":"****","user":{"email":null,"first_name":"Admin","id":1024,"last_name":null,"login":"admin","phone":null,"profile":{"address":"Moscow","age":null,"height":null},"roles":[{"exec":["stream","query-history","auth/users","auth/sessions","auth/analytics","news","auth/roles","configs","tasks","auth/users-blocked"],"id":1,"is_system":true,"name":"SuperAdmin","read":["stream","query-history","auth/users","auth/sessions","auth/analytics","news","auth/roles","configs","tasks","auth/users-blocked"],"write":["stream","query-history","auth/users","auth/sessions","auth/analytics","news","auth/roles","configs","tasks","auth/users-blocked"]}],"second_name":null},"user_id":1024}
2025-10-23 15:20:58 | DEBUG    | DB       |       1761222058161 | [7.119ms] [rows:1] SELECT * FROM "auth_user_roles" WHERE "auth_user_roles"."user_id" = 1024
2025-10-23 15:20:58 | DEBUG    | DB       |       1761222058161 | [6.888ms] [rows:1] SELECT * FROM "auth_roles" WHERE "auth_roles"."id" = 1
2025-10-23 15:20:58 | DEBUG    | DB       |       1761222058161 | [22.131ms] [rows:1] SELECT * FROM "auth_users" WHERE login = 'admin' ORDER BY "auth_users"."id" LIMIT 1
2025-10-23 15:20:58 | DEBUG    | DB       |       1761222058161 | [3.382ms] [rows:0] SELECT * FROM "auth_users_blocked" WHERE user_id = 1024 ORDER BY "auth_users_blocked"."user_id" LIMIT 1
2025-10-23 15:20:58 | DEBUG    | DB       |       1761222058161 | [7.733ms] [rows:1] INSERT INTO "auth_tokens" ("user_id","device_id","token","logged_at","updated_at","expires_at","provider") VALUES (1024,4,'d3t1rahd2u2mg2t0uie0','2025-10-23 12:20:58.285','2025-10-23 12:20:58.285','2025-10-23 20:20:58.285',NULL) ON CONFLICT ("user_id","device_id") DO UPDATE SET "token"="excluded"."token","expires_at"="excluded"."expires_at","updated_at"="excluded"."updated_at","provider"="excluded"."provider" RETURNING *
2025-10-23 15:20:58 | DEBUG    | DB       |       1761222058161 | [3.523ms] [rows:1] SELECT * FROM "auth_user_roles" WHERE "auth_user_roles"."user_id" = 1024
2025-10-23 15:20:58 | DEBUG    | DB       |       1761222058161 | [6.907ms] [rows:10] SELECT * FROM "auth_permissions" WHERE "auth_permissions"."id" IN (1,2,3,4,5,6,7,8,9,10)
2025-10-23 15:20:58 | DEBUG    | DB       |       1761222058161 | [15.356ms] [rows:10] SELECT * FROM "auth_role_permissions" WHERE "auth_role_permissions"."role_id" = 1
2025-10-23 15:20:58 | DEBUG    | DB       |       1761222058161 | [19.135ms] [rows:1] SELECT * FROM "auth_roles" WHERE "auth_roles"."id" = 1
2025-10-23 15:20:58 | DEBUG    | DB       |       1761222058161 | [29.931ms] [rows:1] SELECT * FROM "auth_users" WHERE id = 1024 ORDER BY "auth_users"."id" LIMIT 1
2025-10-23 15:20:58 | DEBUG    | DB       |       1761222058161 | [7.268ms] [rows:1] SELECT * FROM "auth_profiles" WHERE user_id = 1024 ORDER BY "auth_profiles"."id" LIMIT 1
2025-10-23 15:20:58 | INFO     | HTTP     |       1761222058161 | user_id=1024 |  200 |  195.671083ms |       127.0.0.1 | POST     "/api/v1/auth/login"  ⇢ Request JSON: {"device_id":4,"login":"admin","password":"****"} ⇠ Response JSON: {"accessToken":"****","expires":28800,"refreshToken":"****","token_type":"****","user":{"email":null,"first_name":"Admin","id":1024,"last_name":null,"login":"admin","phone":null,"profile":{"address":"Moscow","age":null,"height":null},"roles":[{"exec":["stream","query-history","auth/users","auth/sessions","auth/analytics","news","auth/roles","configs","tasks","auth/users-blocked"],"id":1,"is_system":true,"name":"SuperAdmin","read":["stream","query-history","auth/users","auth/sessions","auth/analytics","news","auth/roles","configs","tasks","auth/users-blocked"],"write":["stream","query-history","auth/users","auth/sessions","auth/analytics","news","auth/roles","configs","tasks","auth/users-blocked"]}],"second_name":null},"user_id":1024}
2025-10-23 15:20:58 | DEBUG    | DB       |       1761222058818 | [6.811ms] [rows:1] SELECT * FROM "auth_user_roles" WHERE "auth_user_roles"."user_id" = 1024
2025-10-23 15:20:58 | DEBUG    | DB       |       1761222058818 | [7.182ms] [rows:1] SELECT * FROM "auth_roles" WHERE "auth_roles"."id" = 1
2025-10-23 15:20:58 | DEBUG    | DB       |       1761222058818 | [22.523ms] [rows:1] SELECT * FROM "auth_users" WHERE login = 'admin' ORDER BY "auth_users"."id" LIMIT 1
2025-10-23 15:20:58 | DEBUG    | DB       |       1761222058818 | [3.023ms] [rows:0] SELECT * FROM "auth_users_blocked" WHERE user_id = 1024 ORDER BY "auth_users_blocked"."user_id" LIMIT 1
2025-10-23 15:20:58 | DEBUG    | DB       |       1761222058818 | [8.756ms] [rows:1] INSERT INTO "auth_tokens" ("user_id","device_id","token","logged_at","updated_at","expires_at","provider") VALUES (1024,4,'d3t1rahd2u2mg2t0uieg','2025-10-23 12:20:58.948','2025-10-23 12:20:58.948','2025-10-23 20:20:58.948',NULL) ON CONFLICT ("user_id","device_id") DO UPDATE SET "token"="excluded"."token","expires_at"="excluded"."expires_at","updated_at"="excluded"."updated_at","provider"="excluded"."provider" RETURNING *
2025-10-23 15:20:58 | DEBUG    | DB       |       1761222058818 | [3.690ms] [rows:1] SELECT * FROM "auth_user_roles" WHERE "auth_user_roles"."user_id" = 1024
2025-10-23 15:20:58 | DEBUG    | DB       |       1761222058818 | [6.957ms] [rows:10] SELECT * FROM "auth_permissions" WHERE "auth_permissions"."id" IN (1,2,3,4,5,6,7,8,9,10)
2025-10-23 15:20:58 | DEBUG    | DB       |       1761222058818 | [14.704ms] [rows:10] SELECT * FROM "auth_role_permissions" WHERE "auth_role_permissions"."role_id" = 1
2025-10-23 15:20:58 | DEBUG    | DB       |       1761222058818 | [18.289ms] [rows:1] SELECT * FROM "auth_roles" WHERE "auth_roles"."id" = 1
2025-10-23 15:20:58 | DEBUG    | DB       |       1761222058818 | [28.527ms] [rows:1] SELECT * FROM "auth_users" WHERE id = 1024 ORDER BY "auth_users"."id" LIMIT 1
2025-10-23 15:20:58 | DEBUG    | DB       |       1761222058818 | [7.322ms] [rows:1] SELECT * FROM "auth_profiles" WHERE user_id = 1024 ORDER BY "auth_profiles"."id" LIMIT 1
2025-10-23 15:20:59 | INFO     | HTTP     |       1761222058818 | user_id=1024 |  200 |   198.58175ms |       127.0.0.1 | POST     "/api/v1/auth/login"  ⇢ Request JSON: {"device_id":4,"login":"admin","password":"****"} ⇠ Response JSON: {"accessToken":"****","expires":28800,"refreshToken":"****","token_type":"****","user":{"email":null,"first_name":"Admin","id":1024,"last_name":null,"login":"admin","phone":null,"profile":{"address":"Moscow","age":null,"height":null},"roles":[{"exec":["stream","query-history","auth/users","auth/sessions","auth/analytics","news","auth/roles","configs","tasks","auth/users-blocked"],"id":1,"is_system":true,"name":"SuperAdmin","read":["stream","query-history","auth/users","auth/sessions","auth/analytics","news","auth/roles","configs","tasks","auth/users-blocked"],"write":["stream","query-history","auth/users","auth/sessions","auth/analytics","news","auth/roles","configs","tasks","auth/users-blocked"]}],"second_name":null},"user_id":1024}
2025-10-23 15:20:59 | DEBUG    | DB       |       1761222059485 | [7.690ms] [rows:1] SELECT * FROM "auth_user_roles" WHERE "auth_user_roles"."user_id" = 1024
2025-10-23 15:20:59 | DEBUG    | DB       |       1761222059485 | [7.316ms] [rows:1] SELECT * FROM "auth_roles" WHERE "auth_roles"."id" = 1
2025-10-23 15:20:59 | DEBUG    | DB       |       1761222059485 | [23.688ms] [rows:1] SELECT * FROM "auth_users" WHERE login = 'admin' ORDER BY "auth_users"."id" LIMIT 1
2025-10-23 15:20:59 | DEBUG    | DB       |       1761222059485 | [3.194ms] [rows:0] SELECT * FROM "auth_users_blocked" WHERE user_id = 1024 ORDER BY "auth_users_blocked"."user_id" LIMIT 1
2025-10-23 15:20:59 | DEBUG    | DB       |       1761222059485 | [7.463ms] [rows:1] INSERT INTO "auth_tokens" ("user_id","device_id","token","logged_at","updated_at","expires_at","provider") VALUES (1024,4,'d3t1rapd2u2mg2t0uif0','2025-10-23 12:20:59.61','2025-10-23 12:20:59.61','2025-10-23 20:20:59.61',NULL) ON CONFLICT ("user_id","device_id") DO UPDATE SET "token"="excluded"."token","expires_at"="excluded"."expires_at","updated_at"="excluded"."updated_at","provider"="excluded"."provider" RETURNING *
2025-10-23 15:20:59 | DEBUG    | DB       |       1761222059485 | [4.367ms] [rows:1] SELECT * FROM "auth_user_roles" WHERE "auth_user_roles"."user_id" = 1024
2025-10-23 15:20:59 | DEBUG    | DB       |       1761222059485 | [7.415ms] [rows:10] SELECT * FROM "auth_permissions" WHERE "auth_permissions"."id" IN (1,2,3,4,5,6,7,8,9,10)
2025-10-23 15:20:59 | DEBUG    | DB       |       1761222059485 | [14.449ms] [rows:10] SELECT * FROM "auth_role_permissions" WHERE "auth_role_permissions"."role_id" = 1
2025-10-23 15:20:59 | DEBUG    | DB       |       1761222059485 | [17.414ms] [rows:1] SELECT * FROM "auth_roles" WHERE "auth_roles"."id" = 1
2025-10-23 15:20:59 | DEBUG    | DB       |       1761222059485 | [30.200ms] [rows:1] SELECT * FROM "auth_users" WHERE id = 1024 ORDER BY "auth_users"."id" LIMIT 1
2025-10-23 15:20:59 | DEBUG    | DB       |       1761222059485 | [6.561ms] [rows:1] SELECT * FROM "auth_profiles" WHERE user_id = 1024 ORDER BY "auth_profiles"."id" LIMIT 1
2025-10-23 15:20:59 | INFO     | HTTP     |       1761222059485 | user_id=1024 |  200 |  195.643291ms |       127.0.0.1 | POST     "/api/v1/auth/login"  ⇢ Request JSON: {"device_id":4,"login":"admin","password":"****"} ⇠ Response JSON: {"accessToken":"****","expires":28800,"refreshToken":"****","token_type":"****","user":{"email":null,"first_name":"Admin","id":1024,"last_name":null,"login":"admin","phone":null,"profile":{"address":"Moscow","age":null,"height":null},"roles":[{"exec":["stream","query-history","auth/users","auth/sessions","auth/analytics","news","auth/roles","configs","tasks","auth/users-blocked"],"id":1,"is_system":true,"name":"SuperAdmin","read":["stream","query-history","auth/users","auth/sessions","auth/analytics","news","auth/roles","configs","tasks","auth/users-blocked"],"write":["stream","query-history","auth/users","auth/sessions","auth/analytics","news","auth/roles","configs","tasks","auth/users-blocked"]}],"second_name":null},"user_id":1024}
2025-10-23 15:21:00 | DEBUG    | DB       |       1761222060195 | [7.008ms] [rows:1] SELECT * FROM "auth_user_roles" WHERE "auth_user_roles"."user_id" = 1024
2025-10-23 15:21:00 | DEBUG    | DB       |       1761222060195 | [6.511ms] [rows:1] SELECT * FROM "auth_roles" WHERE "auth_roles"."id" = 1
2025-10-23 15:21:00 | DEBUG    | DB       |       1761222060195 | [21.330ms] [rows:1] SELECT * FROM "auth_users" WHERE login = 'admin' ORDER BY "auth_users"."id" LIMIT 1
2025-10-23 15:21:00 | DEBUG    | DB       |       1761222060195 | [3.106ms] [rows:0] SELECT * FROM "auth_users_blocked" WHERE user_id = 1024 ORDER BY "auth_users_blocked"."user_id" LIMIT 1
2025-10-23 15:21:00 | DEBUG    | DB       |       1761222060195 | [7.979ms] [rows:1] INSERT INTO "auth_tokens" ("user_id","device_id","token","logged_at","updated_at","expires_at","provider") VALUES (1024,4,'d3t1rb1d2u2mg2t0uifg','2025-10-23 12:21:00.321','2025-10-23 12:21:00.321','2025-10-23 20:21:00.321',NULL) ON CONFLICT ("user_id","device_id") DO UPDATE SET "token"="excluded"."token","expires_at"="excluded"."expires_at","updated_at"="excluded"."updated_at","provider"="excluded"."provider" RETURNING *
2025-10-23 15:21:00 | DEBUG    | DB       |       1761222060195 | [3.752ms] [rows:1] SELECT * FROM "auth_user_roles" WHERE "auth_user_roles"."user_id" = 1024
2025-10-23 15:21:00 | DEBUG    | DB       |       1761222060195 | [7.170ms] [rows:10] SELECT * FROM "auth_permissions" WHERE "auth_permissions"."id" IN (1,2,3,4,5,6,7,8,9,10)
2025-10-23 15:21:00 | DEBUG    | DB       |       1761222060195 | [14.505ms] [rows:10] SELECT * FROM "auth_role_permissions" WHERE "auth_role_permissions"."role_id" = 1
2025-10-23 15:21:00 | DEBUG    | DB       |       1761222060195 | [17.734ms] [rows:1] SELECT * FROM "auth_roles" WHERE "auth_roles"."id" = 1
2025-10-23 15:21:00 | DEBUG    | DB       |       1761222060195 | [28.666ms] [rows:1] SELECT * FROM "auth_users" WHERE id = 1024 ORDER BY "auth_users"."id" LIMIT 1
2025-10-23 15:21:00 | DEBUG    | DB       |       1761222060195 | [7.172ms] [rows:1] SELECT * FROM "auth_profiles" WHERE user_id = 1024 ORDER BY "auth_profiles"."id" LIMIT 1
2025-10-23 15:21:00 | INFO     | HTTP     |       1761222060195 | user_id=1024 |  200 |      197.16ms |       127.0.0.1 | POST     "/api/v1/auth/login"  ⇢ Request JSON: {"device_id":4,"login":"admin","password":"****"} ⇠ Response JSON: {"accessToken":"****","expires":28800,"refreshToken":"****","token_type":"****","user":{"email":null,"first_name":"Admin","id":1024,"last_name":null,"login":"admin","phone":null,"profile":{"address":"Moscow","age":null,"height":null},"roles":[{"exec":["stream","query-history","auth/users","auth/sessions","auth/analytics","news","auth/roles","configs","tasks","auth/users-blocked"],"id":1,"is_system":true,"name":"SuperAdmin","read":["stream","query-history","auth/users","auth/sessions","auth/analytics","news","auth/roles","configs","tasks","auth/users-blocked"],"write":["stream","query-history","auth/users","auth/sessions","auth/analytics","news","auth/roles","configs","tasks","auth/users-blocked"]}],"second_name":null},"user_id":1024}
2025-10-23 15:21:00 | DEBUG    | DB       |       1761222060816 | [6.903ms] [rows:1] SELECT * FROM "auth_user_roles" WHERE "auth_user_roles"."user_id" = 1024
2025-10-23 15:21:00 | DEBUG    | DB       |       1761222060816 | [6.981ms] [rows:1] SELECT * FROM "auth_roles" WHERE "auth_roles"."id" = 1
2025-10-23 15:21:00 | DEBUG    | DB       |       1761222060816 | [21.628ms] [rows:1] SELECT * FROM "auth_users" WHERE login = 'admin' ORDER BY "auth_users"."id" LIMIT 1
2025-10-23 15:21:00 | DEBUG    | DB       |       1761222060816 | [3.218ms] [rows:0] SELECT * FROM "auth_users_blocked" WHERE user_id = 1024 ORDER BY "auth_users_blocked"."user_id" LIMIT 1
2025-10-23 15:21:00 | DEBUG    | DB       |       1761222060816 | [7.398ms] [rows:1] INSERT INTO "auth_tokens" ("user_id","device_id","token","logged_at","updated_at","expires_at","provider") VALUES (1024,4,'d3t1rb1d2u2mg2t0uig0','2025-10-23 12:21:00.937','2025-10-23 12:21:00.937','2025-10-23 20:21:00.937',NULL) ON CONFLICT ("user_id","device_id") DO UPDATE SET "token"="excluded"."token","expires_at"="excluded"."expires_at","updated_at"="excluded"."updated_at","provider"="excluded"."provider" RETURNING *
2025-10-23 15:21:00 | DEBUG    | DB       |       1761222060816 | [4.050ms] [rows:1] SELECT * FROM "auth_user_roles" WHERE "auth_user_roles"."user_id" = 1024
2025-10-23 15:21:01 | DEBUG    | DB       |       1761222060816 | [6.866ms] [rows:10] SELECT * FROM "auth_permissions" WHERE "auth_permissions"."id" IN (1,2,3,4,5,6,7,8,9,10)
2025-10-23 15:21:01 | DEBUG    | DB       |       1761222060816 | [63.839ms] [rows:10] SELECT * FROM "auth_role_permissions" WHERE "auth_role_permissions"."role_id" = 1
2025-10-23 15:21:01 | DEBUG    | DB       |       1761222060816 | [66.922ms] [rows:1] SELECT * FROM "auth_roles" WHERE "auth_roles"."id" = 1
2025-10-23 15:21:01 | DEBUG    | DB       |       1761222060816 | [77.686ms] [rows:1] SELECT * FROM "auth_users" WHERE id = 1024 ORDER BY "auth_users"."id" LIMIT 1
2025-10-23 15:21:01 | DEBUG    | DB       |       1761222060816 | [9.860ms] [rows:1] SELECT * FROM "auth_profiles" WHERE user_id = 1024 ORDER BY "auth_profiles"."id" LIMIT 1
2025-10-23 15:21:01 | INFO     | HTTP     |       1761222060816 | user_id=1024 |  200 |  239.627917ms |       127.0.0.1 | POST     "/api/v1/auth/login"  ⇢ Request JSON: {"device_id":4,"login":"admin","password":"****"} ⇠ Response JSON: {"accessToken":"****","expires":28800,"refreshToken":"****","token_type":"****","user":{"email":null,"first_name":"Admin","id":1024,"last_name":null,"login":"admin","phone":null,"profile":{"address":"Moscow","age":null,"height":null},"roles":[{"exec":["stream","query-history","auth/users","auth/sessions","auth/analytics","news","auth/roles","configs","tasks","auth/users-blocked"],"id":1,"is_system":true,"name":"SuperAdmin","read":["stream","query-history","auth/users","auth/sessions","auth/analytics","news","auth/roles","configs","tasks","auth/users-blocked"],"write":["stream","query-history","auth/users","auth/sessions","auth/analytics","news","auth/roles","configs","tasks","auth/users-blocked"]}],"second_name":null},"user_id":1024}
2025-10-23 15:21:01 | DEBUG    | DB       |       1761222061474 | [7.502ms] [rows:1] SELECT * FROM "auth_user_roles" WHERE "auth_user_roles"."user_id" = 1024
2025-10-23 15:21:01 | DEBUG    | DB       |       1761222061474 | [6.923ms] [rows:1] SELECT * FROM "auth_roles" WHERE "auth_roles"."id" = 1
2025-10-23 15:21:01 | DEBUG    | DB       |       1761222061474 | [22.261ms] [rows:1] SELECT * FROM "auth_users" WHERE login = 'admin' ORDER BY "auth_users"."id" LIMIT 1
2025-10-23 15:21:01 | DEBUG    | DB       |       1761222061474 | [3.354ms] [rows:0] SELECT * FROM "auth_users_blocked" WHERE user_id = 1024 ORDER BY "auth_users_blocked"."user_id" LIMIT 1
2025-10-23 15:21:01 | DEBUG    | DB       |       1761222061474 | [8.546ms] [rows:1] INSERT INTO "auth_tokens" ("user_id","device_id","token","logged_at","updated_at","expires_at","provider") VALUES (1024,4,'d3t1rb9d2u2mg2t0uigg','2025-10-23 12:21:01.595','2025-10-23 12:21:01.595','2025-10-23 20:21:01.595',NULL) ON CONFLICT ("user_id","device_id") DO UPDATE SET "token"="excluded"."token","expires_at"="excluded"."expires_at","updated_at"="excluded"."updated_at","provider"="excluded"."provider" RETURNING *
2025-10-23 15:21:01 | DEBUG    | DB       |       1761222061474 | [2.923ms] [rows:1] SELECT * FROM "auth_user_roles" WHERE "auth_user_roles"."user_id" = 1024
2025-10-23 15:21:01 | DEBUG    | DB       |       1761222061474 | [7.449ms] [rows:10] SELECT * FROM "auth_permissions" WHERE "auth_permissions"."id" IN (1,2,3,4,5,6,7,8,9,10)
2025-10-23 15:21:01 | DEBUG    | DB       |       1761222061474 | [14.632ms] [rows:10] SELECT * FROM "auth_role_permissions" WHERE "auth_role_permissions"."role_id" = 1
2025-10-23 15:21:01 | DEBUG    | DB       |       1761222061474 | [18.302ms] [rows:1] SELECT * FROM "auth_roles" WHERE "auth_roles"."id" = 1
2025-10-23 15:21:01 | DEBUG    | DB       |       1761222061474 | [29.322ms] [rows:1] SELECT * FROM "auth_users" WHERE id = 1024 ORDER BY "auth_users"."id" LIMIT 1
2025-10-23 15:21:01 | DEBUG    | DB       |       1761222061474 | [7.730ms] [rows:1] SELECT * FROM "auth_profiles" WHERE user_id = 1024 ORDER BY "auth_profiles"."id" LIMIT 1
2025-10-23 15:21:01 | INFO     | HTTP     |       1761222061474 | user_id=1024 |  200 |  190.390083ms |       127.0.0.1 | POST     "/api/v1/auth/login"  ⇢ Request JSON: {"device_id":4,"login":"admin","password":"****"} ⇠ Response JSON: {"accessToken":"****","expires":28800,"refreshToken":"****","token_type":"****","user":{"email":null,"first_name":"Admin","id":1024,"last_name":null,"login":"admin","phone":null,"profile":{"address":"Moscow","age":null,"height":null},"roles":[{"exec":["stream","query-history","auth/users","auth/sessions","auth/analytics","news","auth/roles","configs","tasks","auth/users-blocked"],"id":1,"is_system":true,"name":"SuperAdmin","read":["stream","query-history","auth/users","auth/sessions","auth/analytics","news","auth/roles","configs","tasks","auth/users-blocked"],"write":["stream","query-history","auth/users","auth/sessions","auth/analytics","news","auth/roles","configs","tasks","auth/users-blocked"]}],"second_name":null},"user_id":1024}
2025-10-23 15:21:02 | DEBUG    | DB       |       1761222062136 | [7.403ms] [rows:1] SELECT * FROM "auth_user_roles" WHERE "auth_user_roles"."user_id" = 1024
2025-10-23 15:21:02 | DEBUG    | DB       |       1761222062136 | [7.470ms] [rows:1] SELECT * FROM "auth_roles" WHERE "auth_roles"."id" = 1
2025-10-23 15:21:02 | DEBUG    | DB       |       1761222062136 | [22.819ms] [rows:1] SELECT * FROM "auth_users" WHERE login = 'admin' ORDER BY "auth_users"."id" LIMIT 1
2025-10-23 15:21:02 | DEBUG    | DB       |       1761222062136 | [3.364ms] [rows:0] SELECT * FROM "auth_users_blocked" WHERE user_id = 1024 ORDER BY "auth_users_blocked"."user_id" LIMIT 1
2025-10-23 15:21:02 | DEBUG    | DB       |       1761222062136 | [7.737ms] [rows:1] INSERT INTO "auth_tokens" ("user_id","device_id","token","logged_at","updated_at","expires_at","provider") VALUES (1024,4,'d3t1rbhd2u2mg2t0uih0','2025-10-23 12:21:02.258','2025-10-23 12:21:02.258','2025-10-23 20:21:02.258',NULL) ON CONFLICT ("user_id","device_id") DO UPDATE SET "token"="excluded"."token","expires_at"="excluded"."expires_at","updated_at"="excluded"."updated_at","provider"="excluded"."provider" RETURNING *
2025-10-23 15:21:02 | DEBUG    | DB       |       1761222062136 | [3.202ms] [rows:1] SELECT * FROM "auth_user_roles" WHERE "auth_user_roles"."user_id" = 1024
2025-10-23 15:21:02 | DEBUG    | DB       |       1761222062136 | [6.939ms] [rows:10] SELECT * FROM "auth_permissions" WHERE "auth_permissions"."id" IN (1,2,3,4,5,6,7,8,9,10)
2025-10-23 15:21:02 | DEBUG    | DB       |       1761222062136 | [15.808ms] [rows:10] SELECT * FROM "auth_role_permissions" WHERE "auth_role_permissions"."role_id" = 1
2025-10-23 15:21:02 | DEBUG    | DB       |       1761222062136 | [19.300ms] [rows:1] SELECT * FROM "auth_roles" WHERE "auth_roles"."id" = 1
2025-10-23 15:21:02 | DEBUG    | DB       |       1761222062136 | [29.560ms] [rows:1] SELECT * FROM "auth_users" WHERE id = 1024 ORDER BY "auth_users"."id" LIMIT 1
2025-10-23 15:21:02 | DEBUG    | DB       |       1761222062136 | [8.969ms] [rows:1] SELECT * FROM "auth_profiles" WHERE user_id = 1024 ORDER BY "auth_profiles"."id" LIMIT 1
2025-10-23 15:21:02 | INFO     | HTTP     |       1761222062136 | user_id=1024 |  200 |  192.893792ms |       127.0.0.1 | POST     "/api/v1/auth/login"  ⇢ Request JSON: {"device_id":4,"login":"admin","password":"****"} ⇠ Response JSON: {"accessToken":"****","expires":28800,"refreshToken":"****","token_type":"****","user":{"email":null,"first_name":"Admin","id":1024,"last_name":null,"login":"admin","phone":null,"profile":{"address":"Moscow","age":null,"height":null},"roles":[{"exec":["stream","query-history","auth/users","auth/sessions","auth/analytics","news","auth/roles","configs","tasks","auth/users-blocked"],"id":1,"is_system":true,"name":"SuperAdmin","read":["stream","query-history","auth/users","auth/sessions","auth/analytics","news","auth/roles","configs","tasks","auth/users-blocked"],"write":["stream","query-history","auth/users","auth/sessions","auth/analytics","news","auth/roles","configs","tasks","auth/users-blocked"]}],"second_name":null},"user_id":1024}
2025-10-23 15:21:02 | DEBUG    | DB       |       1761222062802 | [7.186ms] [rows:1] SELECT * FROM "auth_user_roles" WHERE "auth_user_roles"."user_id" = 1024
2025-10-23 15:21:02 | DEBUG    | DB       |       1761222062802 | [7.944ms] [rows:1] SELECT * FROM "auth_roles" WHERE "auth_roles"."id" = 1
2025-10-23 15:21:02 | DEBUG    | DB       |       1761222062802 | [22.704ms] [rows:1] SELECT * FROM "auth_users" WHERE login = 'admin' ORDER BY "auth_users"."id" LIMIT 1
2025-10-23 15:21:02 | DEBUG    | DB       |       1761222062802 | [2.660ms] [rows:0] SELECT * FROM "auth_users_blocked" WHERE user_id = 1024 ORDER BY "auth_users_blocked"."user_id" LIMIT 1
2025-10-23 15:21:02 | DEBUG    | DB       |       1761222062802 | [8.419ms] [rows:1] INSERT INTO "auth_tokens" ("user_id","device_id","token","logged_at","updated_at","expires_at","provider") VALUES (1024,4,'d3t1rbhd2u2mg2t0uihg','2025-10-23 12:21:02.932','2025-10-23 12:21:02.932','2025-10-23 20:21:02.932',NULL) ON CONFLICT ("user_id","device_id") DO UPDATE SET "token"="excluded"."token","expires_at"="excluded"."expires_at","updated_at"="excluded"."updated_at","provider"="excluded"."provider" RETURNING *
2025-10-23 15:21:02 | DEBUG    | DB       |       1761222062802 | [3.782ms] [rows:1] SELECT * FROM "auth_user_roles" WHERE "auth_user_roles"."user_id" = 1024
2025-10-23 15:21:02 | DEBUG    | DB       |       1761222062802 | [6.590ms] [rows:10] SELECT * FROM "auth_permissions" WHERE "auth_permissions"."id" IN (1,2,3,4,5,6,7,8,9,10)
2025-10-23 15:21:02 | DEBUG    | DB       |       1761222062802 | [14.088ms] [rows:10] SELECT * FROM "auth_role_permissions" WHERE "auth_role_permissions"."role_id" = 1
2025-10-23 15:21:02 | DEBUG    | DB       |       1761222062802 | [17.796ms] [rows:1] SELECT * FROM "auth_roles" WHERE "auth_roles"."id" = 1
2025-10-23 15:21:02 | DEBUG    | DB       |       1761222062802 | [28.511ms] [rows:1] SELECT * FROM "auth_users" WHERE id = 1024 ORDER BY "auth_users"."id" LIMIT 1
2025-10-23 15:21:02 | DEBUG    | DB       |       1761222062802 | [7.101ms] [rows:1] SELECT * FROM "auth_profiles" WHERE user_id = 1024 ORDER BY "auth_profiles"."id" LIMIT 1
2025-10-23 15:21:03 | INFO     | HTTP     |       1761222062802 | user_id=1024 |  200 |  195.571292ms |       127.0.0.1 | POST     "/api/v1/auth/login"  ⇢ Request JSON: {"device_id":4,"login":"admin","password":"****"} ⇠ Response JSON: {"accessToken":"****","expires":28800,"refreshToken":"****","token_type":"****","user":{"email":null,"first_name":"Admin","id":1024,"last_name":null,"login":"admin","phone":null,"profile":{"address":"Moscow","age":null,"height":null},"roles":[{"exec":["stream","query-history","auth/users","auth/sessions","auth/analytics","news","auth/roles","configs","tasks","auth/users-blocked"],"id":1,"is_system":true,"name":"SuperAdmin","read":["stream","query-history","auth/users","auth/sessions","auth/analytics","news","auth/roles","configs","tasks","auth/users-blocked"],"write":["stream","query-history","auth/users","auth/sessions","auth/analytics","news","auth/roles","configs","tasks","auth/users-blocked"]}],"second_name":null},"user_id":1024}
2025-10-23 15:21:03 | DEBUG    | DB       |       1761222063443 | [6.565ms] [rows:1] SELECT * FROM "auth_user_roles" WHERE "auth_user_roles"."user_id" = 1024
2025-10-23 15:21:03 | DEBUG    | DB       |       1761222063443 | [6.540ms] [rows:1] SELECT * FROM "auth_roles" WHERE "auth_roles"."id" = 1
2025-10-23 15:21:03 | DEBUG    | DB       |       1761222063443 | [21.357ms] [rows:1] SELECT * FROM "auth_users" WHERE login = 'admin' ORDER BY "auth_users"."id" LIMIT 1
2025-10-23 15:21:03 | DEBUG    | DB       |       1761222063443 | [3.600ms] [rows:0] SELECT * FROM "auth_users_blocked" WHERE user_id = 1024 ORDER BY "auth_users_blocked"."user_id" LIMIT 1
2025-10-23 15:21:03 | DEBUG    | DB       |       1761222063443 | [8.052ms] [rows:1] INSERT INTO "auth_tokens" ("user_id","device_id","token","logged_at","updated_at","expires_at","provider") VALUES (1024,4,'d3t1rbpd2u2mg2t0uii0','2025-10-23 12:21:03.56','2025-10-23 12:21:03.56','2025-10-23 20:21:03.56',NULL) ON CONFLICT ("user_id","device_id") DO UPDATE SET "token"="excluded"."token","expires_at"="excluded"."expires_at","updated_at"="excluded"."updated_at","provider"="excluded"."provider" RETURNING *
2025-10-23 15:21:03 | DEBUG    | DB       |       1761222063443 | [3.507ms] [rows:1] SELECT * FROM "auth_user_roles" WHERE "auth_user_roles"."user_id" = 1024
2025-10-23 15:21:03 | DEBUG    | DB       |       1761222063443 | [6.167ms] [rows:10] SELECT * FROM "auth_permissions" WHERE "auth_permissions"."id" IN (1,2,3,4,5,6,7,8,9,10)
2025-10-23 15:21:03 | DEBUG    | DB       |       1761222063443 | [13.991ms] [rows:10] SELECT * FROM "auth_role_permissions" WHERE "auth_role_permissions"."role_id" = 1
2025-10-23 15:21:03 | DEBUG    | DB       |       1761222063443 | [18.092ms] [rows:1] SELECT * FROM "auth_roles" WHERE "auth_roles"."id" = 1
2025-10-23 15:21:03 | DEBUG    | DB       |       1761222063443 | [29.278ms] [rows:1] SELECT * FROM "auth_users" WHERE id = 1024 ORDER BY "auth_users"."id" LIMIT 1
2025-10-23 15:21:03 | DEBUG    | DB       |       1761222063443 | [7.024ms] [rows:1] SELECT * FROM "auth_profiles" WHERE user_id = 1024 ORDER BY "auth_profiles"."id" LIMIT 1
2025-10-23 15:21:03 | INFO     | HTTP     |       1761222063443 | user_id=1024 |  200 |  186.679667ms |       127.0.0.1 | POST     "/api/v1/auth/login"  ⇢ Request JSON: {"device_id":4,"login":"admin","password":"****"} ⇠ Response JSON: {"accessToken":"****","expires":28800,"refreshToken":"****","token_type":"****","user":{"email":null,"first_name":"Admin","id":1024,"last_name":null,"login":"admin","phone":null,"profile":{"address":"Moscow","age":null,"height":null},"roles":[{"exec":["stream","query-history","auth/users","auth/sessions","auth/analytics","news","auth/roles","configs","tasks","auth/users-blocked"],"id":1,"is_system":true,"name":"SuperAdmin","read":["stream","query-history","auth/users","auth/sessions","auth/analytics","news","auth/roles","configs","tasks","auth/users-blocked"],"write":["stream","query-history","auth/users","auth/sessions","auth/analytics","news","auth/roles","configs","tasks","auth/users-blocked"]}],"second_name":null},"user_id":1024}
2025-10-23 15:21:04 | DEBUG    | DB       |       1761222064061 | [7.178ms] [rows:1] SELECT * FROM "auth_user_roles" WHERE "auth_user_roles"."user_id" = 1024
2025-10-23 15:21:04 | DEBUG    | DB       |       1761222064061 | [7.280ms] [rows:1] SELECT * FROM "auth_roles" WHERE "auth_roles"."id" = 1
2025-10-23 15:21:04 | DEBUG    | DB       |       1761222064061 | [22.585ms] [rows:1] SELECT * FROM "auth_users" WHERE login = 'admin' ORDER BY "auth_users"."id" LIMIT 1
2025-10-23 15:21:04 | DEBUG    | DB       |       1761222064061 | [3.435ms] [rows:0] SELECT * FROM "auth_users_blocked" WHERE user_id = 1024 ORDER BY "auth_users_blocked"."user_id" LIMIT 1
2025-10-23 15:21:04 | DEBUG    | DB       |       1761222064061 | [7.375ms] [rows:1] INSERT INTO "auth_tokens" ("user_id","device_id","token","logged_at","updated_at","expires_at","provider") VALUES (1024,4,'d3t1rc1d2u2mg2t0uiig','2025-10-23 12:21:04.198','2025-10-23 12:21:04.198','2025-10-23 20:21:04.198',NULL) ON CONFLICT ("user_id","device_id") DO UPDATE SET "token"="excluded"."token","expires_at"="excluded"."expires_at","updated_at"="excluded"."updated_at","provider"="excluded"."provider" RETURNING *
2025-10-23 15:21:04 | DEBUG    | DB       |       1761222064061 | [4.055ms] [rows:1] SELECT * FROM "auth_user_roles" WHERE "auth_user_roles"."user_id" = 1024
2025-10-23 15:21:04 | DEBUG    | DB       |       1761222064061 | [8.305ms] [rows:10] SELECT * FROM "auth_permissions" WHERE "auth_permissions"."id" IN (1,2,3,4,5,6,7,8,9,10)
2025-10-23 15:21:04 | DEBUG    | DB       |       1761222064061 | [18.935ms] [rows:10] SELECT * FROM "auth_role_permissions" WHERE "auth_role_permissions"."role_id" = 1
2025-10-23 15:21:04 | DEBUG    | DB       |       1761222064061 | [22.543ms] [rows:1] SELECT * FROM "auth_roles" WHERE "auth_roles"."id" = 1
2025-10-23 15:21:04 | DEBUG    | DB       |       1761222064061 | [33.160ms] [rows:1] SELECT * FROM "auth_users" WHERE id = 1024 ORDER BY "auth_users"."id" LIMIT 1
2025-10-23 15:21:04 | DEBUG    | DB       |       1761222064061 | [7.833ms] [rows:1] SELECT * FROM "auth_profiles" WHERE user_id = 1024 ORDER BY "auth_profiles"."id" LIMIT 1
2025-10-23 15:21:04 | INFO     | HTTP     |       1761222064061 | user_id=1024 |  200 |  201.389583ms |       127.0.0.1 | POST     "/api/v1/auth/login"  ⇢ Request JSON: {"device_id":4,"login":"admin","password":"****"} ⇠ Response JSON: {"accessToken":"****","expires":28800,"refreshToken":"****","token_type":"****","user":{"email":null,"first_name":"Admin","id":1024,"last_name":null,"login":"admin","phone":null,"profile":{"address":"Moscow","age":null,"height":null},"roles":[{"exec":["stream","query-history","auth/users","auth/sessions","auth/analytics","news","auth/roles","configs","tasks","auth/users-blocked"],"id":1,"is_system":true,"name":"SuperAdmin","read":["stream","query-history","auth/users","auth/sessions","auth/analytics","news","auth/roles","configs","tasks","auth/users-blocked"],"write":["stream","query-history","auth/users","auth/sessions","auth/analytics","news","auth/roles","configs","tasks","auth/users-blocked"]}],"second_name":null},"user_id":1024}
2025-10-23 15:21:04 | DEBUG    | DB       |       1761222064666 | [6.766ms] [rows:1] SELECT * FROM "auth_user_roles" WHERE "auth_user_roles"."user_id" = 1024
2025-10-23 15:21:04 | DEBUG    | DB       |       1761222064666 | [7.397ms] [rows:1] SELECT * FROM "auth_roles" WHERE "auth_roles"."id" = 1
2025-10-23 15:21:04 | DEBUG    | DB       |       1761222064666 | [21.860ms] [rows:1] SELECT * FROM "auth_users" WHERE login = 'admin' ORDER BY "auth_users"."id" LIMIT 1
2025-10-23 15:21:04 | DEBUG    | DB       |       1761222064666 | [3.248ms] [rows:0] SELECT * FROM "auth_users_blocked" WHERE user_id = 1024 ORDER BY "auth_users_blocked"."user_id" LIMIT 1
2025-10-23 15:21:04 | DEBUG    | DB       |       1761222064666 | [8.805ms] [rows:1] INSERT INTO "auth_tokens" ("user_id","device_id","token","logged_at","updated_at","expires_at","provider") VALUES (1024,4,'d3t1rc1d2u2mg2t0uij0','2025-10-23 12:21:04.79','2025-10-23 12:21:04.79','2025-10-23 20:21:04.79',NULL) ON CONFLICT ("user_id","device_id") DO UPDATE SET "token"="excluded"."token","expires_at"="excluded"."expires_at","updated_at"="excluded"."updated_at","provider"="excluded"."provider" RETURNING *
2025-10-23 15:21:04 | DEBUG    | DB       |       1761222064666 | [3.375ms] [rows:1] SELECT * FROM "auth_user_roles" WHERE "auth_user_roles"."user_id" = 1024
2025-10-23 15:21:04 | DEBUG    | DB       |       1761222064666 | [8.392ms] [rows:10] SELECT * FROM "auth_permissions" WHERE "auth_permissions"."id" IN (1,2,3,4,5,6,7,8,9,10)
2025-10-23 15:21:04 | DEBUG    | DB       |       1761222064666 | [16.594ms] [rows:10] SELECT * FROM "auth_role_permissions" WHERE "auth_role_permissions"."role_id" = 1
2025-10-23 15:21:04 | DEBUG    | DB       |       1761222064666 | [20.343ms] [rows:1] SELECT * FROM "auth_roles" WHERE "auth_roles"."id" = 1
2025-10-23 15:21:04 | DEBUG    | DB       |       1761222064666 | [29.998ms] [rows:1] SELECT * FROM "auth_users" WHERE id = 1024 ORDER BY "auth_users"."id" LIMIT 1
2025-10-23 15:21:04 | DEBUG    | DB       |       1761222064666 | [7.989ms] [rows:1] SELECT * FROM "auth_profiles" WHERE user_id = 1024 ORDER BY "auth_profiles"."id" LIMIT 1
2025-10-23 15:21:04 | INFO     | HTTP     |       1761222064666 | user_id=1024 |  200 |  194.794875ms |       127.0.0.1 | POST     "/api/v1/auth/login"  ⇢ Request JSON: {"device_id":4,"login":"admin","password":"****"} ⇠ Response JSON: {"accessToken":"****","expires":28800,"refreshToken":"****","token_type":"****","user":{"email":null,"first_name":"Admin","id":1024,"last_name":null,"login":"admin","phone":null,"profile":{"address":"Moscow","age":null,"height":null},"roles":[{"exec":["stream","query-history","auth/users","auth/sessions","auth/analytics","news","auth/roles","configs","tasks","auth/users-blocked"],"id":1,"is_system":true,"name":"SuperAdmin","read":["stream","query-history","auth/users","auth/sessions","auth/analytics","news","auth/roles","configs","tasks","auth/users-blocked"],"write":["stream","query-history","auth/users","auth/sessions","auth/analytics","news","auth/roles","configs","tasks","auth/users-blocked"]}],"second_name":null},"user_id":1024}
2025-10-23 15:21:05 | DEBUG    | DB       |       1761222065709 | [19.817ms] [rows:14] INSERT INTO "auth_analytics_admins" ("operation_id","path","method","status_code","client_ip","request_body","response_body","created_at","user_id","login","name","error","action") VALUES ('1761222056078','/api/v1/auth/login','POST',200,'127.0.0.1','<binary>','<binary>','2025-10-23 12:20:56.088',1024,'admin','Admin',NULL,'Вход администратора в систему'),('1761222056779','/api/v1/auth/login','POST',200,'127.0.0.1','<binary>','<binary>','2025-10-23 12:20:56.788',1024,'admin','Admin',NULL,'Вход администратора в систему'),('1761222057479','/api/v1/auth/login','POST',200,'127.0.0.1','<binary>','<binary>','2025-10-23 12:20:57.486',1024,'admin','Admin',NULL,'Вход администратора в систему'),('1761222058161','/api/v1/auth/login','POST',200,'127.0.0.1','<binary>','<binary>','2025-10-23 12:20:58.168',1024,'admin','Admin',NULL,'Вход администратора в систему'),('1761222058818','/api/v1/auth/login','POST',200,'127.0.0.1','<binary>','<binary>','2025-10-23 12:20:58.827',1024,'admin','Admin',NULL,'Вход администратора в систему'),('1761222059485','/api/v1/auth/login','POST',200,'127.0.0.1','<binary>','<binary>','2025-10-23 12:20:59.494',1024,'admin','Admin',NULL,'Вход администратора в систему'),('1761222060195','/api/v1/auth/login','POST',200,'127.0.0.1','<binary>','<binary>','2025-10-23 12:21:00.204',1024,'admin','Admin',NULL,'Вход администратора в систему'),('1761222060816','/api/v1/auth/login','POST',200,'127.0.0.1','<binary>','<binary>','2025-10-23 12:21:00.826',1024,'admin','Admin',NULL,'Вход администратора в систему'),('1761222061474','/api/v1/auth/login','POST',200,'127.0.0.1','<binary>','<binary>','2025-10-23 12:21:01.484',1024,'admin','Admin',NULL,'Вход администратора в систему'),('1761222062136','/api/v1/auth/login','POST',200,'127.0.0.1','<binary>','<binary>','2025-10-23 12:21:02.146',1024,'admin','Admin',NULL,'Вход администратора в систему'),('1761222062802','/api/v1/auth/login','POST',200,'127.0.0.1','<binary>','<binary>','2025-10-23 12:21:02.814',1024,'admin','Admin',NULL,'Вход администратора в систему'),('1761222063443','/api/v1/auth/login','POST',200,'127.0.0.1','<binary>','<binary>','2025-10-23 12:21:03.452',1024,'admin','Admin',NULL,'Вход администратора в систему'),('1761222064061','/api/v1/auth/login','POST',200,'127.0.0.1','<binary>','<binary>','2025-10-23 12:21:04.078',1024,'admin','Admin',NULL,'Вход администратора в систему'),('1761222064666','/api/v1/auth/login','POST',200,'127.0.0.1','<binary>','<binary>','2025-10-23 12:21:04.676',1024,'admin','Admin',NULL,'Вход администратора в систему') RETURNING *
2025-10-23 15:21:46 | INFO     | APP      |                     | Stopping REST Server
2025-10-23 15:21:46 | INFO     | APP      |                     | Окончание работы системы
2025-10-23 15:21:51 | DEBUG    | DB       |                     | [4.256ms] [rows:0] SELECT * FROM "auth_config_files" WHERE "auth_config_files"."config_key" = 'auth'
2025-10-23 15:21:51 | DEBUG    | DB       |                     | [8.998ms] [rows:1] SELECT * FROM "auth_configs" WHERE key = 'auth' ORDER BY "auth_configs"."key" LIMIT 1
2025-10-23 15:21:51 | DEBUG    | DB       |                     | [4.636ms] [rows:0] SELECT * FROM "auth_config_files" WHERE "auth_config_files"."config_key" = 'audit'
2025-10-23 15:21:51 | DEBUG    | DB       |                     | [8.327ms] [rows:1] SELECT * FROM "auth_configs" WHERE key = 'audit' ORDER BY "auth_configs"."key" LIMIT 1
2025-10-23 15:21:51 | INFO     | APP      |                     | Начало работы системы
2025-10-23 15:21:51 | DEBUG    | DB       |                     | [8.241ms] [rows:0] ALTER SEQUENCE public.auth_users_id_seq RESTART WITH 1024
2025-10-23 15:21:51 | DEBUG    | DB       |                     | [6.632ms] [rows:10] SELECT * FROM "auth_permissions"
2025-10-23 15:21:51 | DEBUG    | DB       |                     | [3.176ms] [rows:10] SELECT * FROM "auth_permissions"
2025-10-23 15:21:51 | DEBUG    | DB       |                     | [7.447ms] [rows:1] SELECT * FROM "auth_roles" WHERE name = 'SuperAdmin' ORDER BY "auth_roles"."id" LIMIT 1
2025-10-23 15:21:51 | DEBUG    | DB       |                     | [4.190ms] [rows:1] SELECT * FROM "auth_roles" WHERE name = 'LdapBroker' ORDER BY "auth_roles"."id" LIMIT 1
2025-10-23 15:21:51 | DEBUG    | DB       |                     | [8.468ms] [rows:20] DELETE FROM "auth_role_permissions" WHERE role_id IN (1,2)
2025-10-23 15:21:51 | DEBUG    | DB       |                     | [9.607ms] [rows:20] INSERT INTO "auth_role_permissions" ("role_id","permission_id","read","write","exec") VALUES (1,1,true,true,true),(2,1,true,true,true),(1,2,true,true,true),(2,2,true,true,true),(1,3,true,true,true),(2,3,true,true,true),(1,4,true,true,true),(2,4,true,true,true),(1,5,true,true,true),(2,5,true,true,true),(1,6,true,true,true),(2,6,true,true,true),(1,7,true,true,true),(2,7,true,true,true),(1,8,true,true,true),(2,8,true,true,true),(1,9,true,true,true),(2,9,true,true,true),(1,10,true,true,true),(2,10,true,true,true) RETURNING *
2025-10-23 15:21:51 | DEBUG    | DB       |                     | [7.094ms] [rows:1] SELECT * FROM "auth_user_roles" WHERE role_id = 1 ORDER BY "auth_user_roles"."user_id" LIMIT 1
2025-10-23 15:21:51 | DEBUG    | DB       |                     | [7.299ms] [rows:1] SELECT * FROM "auth_users" WHERE login = 'admin' ORDER BY "auth_users"."id" LIMIT 1
2025-10-23 15:21:51 | DEBUG    | DB       |                     | [7.282ms] [rows:1] SELECT * FROM "auth_users" WHERE "id" = 1024 ORDER BY "auth_users"."id" LIMIT 1
2025-10-23 15:21:51 | DEBUG    | DB       |                     | [7.375ms] [rows:0] SELECT "auth_tasks"."id","auth_tasks"."name","auth_tasks"."type","auth_tasks"."user_id","auth_tasks"."status","auth_tasks"."created_at","auth_tasks"."updated_at" FROM "auth_tasks" WHERE status IN ('running','pending') ORDER BY auth_tasks."created_at" ASC
2025-10-23 15:21:51 | DEBUG    | DB       |                     | [8.622ms] [rows:0] DELETE FROM auth_analytics_admins WHERE created_at < '2022-10-24 12:21:51.626'
2025-10-23 15:21:51 | DEBUG    | DB       |                     | [6.789ms] [rows:0] DELETE FROM auth_analytics_broker WHERE created_at < '2022-10-24 12:21:51.635'
2025-10-23 15:21:51 | DEBUG    | DB       |                     | [5.811ms] [rows:1] SELECT COUNT(*) FROM auth_analytics_admins
2025-10-23 15:21:51 | DEBUG    | DB       |                     | [9.397ms] [rows:2] DELETE FROM auth_analytics_admins 							WHERE id IN ( 								SELECT id 								FROM auth_analytics_admins 								ORDER BY created_at ASC 								LIMIT 2 						);
2025-10-23 15:21:51 | DEBUG    | DB       |                     | [6.708ms] [rows:1] SELECT COUNT(*) FROM auth_analytics_broker
2025-10-23 15:21:51 | DEBUG    | DB       |                     | [7.668ms] [rows:1] SELECT * FROM "auth_profiles" WHERE user_id = 1024 ORDER BY "auth_profiles"."id" LIMIT 1
2025-10-23 15:21:51 | DEBUG    | DB       |                     | [8.009ms] [rows:3] SELECT * FROM "auth_configs"
2025-10-23 15:21:51 | INFO     | APP      |                     | Starting REST Server
2025-10-23 15:22:01 | INFO     | APP      |                     | Stopping REST Server
2025-10-23 15:22:01 | INFO     | APP      |                     | Окончание работы системы
2025-10-23 15:22:03 | DEBUG    | DB       |                     | [3.407ms] [rows:0] SELECT * FROM "auth_config_files" WHERE "auth_config_files"."config_key" = 'auth'
2025-10-23 15:22:03 | DEBUG    | DB       |                     | [6.888ms] [rows:1] SELECT * FROM "auth_configs" WHERE key = 'auth' ORDER BY "auth_configs"."key" LIMIT 1
2025-10-23 15:22:03 | DEBUG    | DB       |                     | [3.487ms] [rows:0] SELECT * FROM "auth_config_files" WHERE "auth_config_files"."config_key" = 'audit'
2025-10-23 15:22:03 | DEBUG    | DB       |                     | [6.375ms] [rows:1] SELECT * FROM "auth_configs" WHERE key = 'audit' ORDER BY "auth_configs"."key" LIMIT 1
2025-10-23 15:22:03 | INFO     | APP      |                     | Начало работы системы
2025-10-23 15:22:03 | DEBUG    | DB       |                     | [8.974ms] [rows:0] ALTER SEQUENCE public.auth_users_id_seq RESTART WITH 1024
2025-10-23 15:22:03 | DEBUG    | DB       |                     | [7.771ms] [rows:10] SELECT * FROM "auth_permissions"
2025-10-23 15:22:03 | DEBUG    | DB       |                     | [2.918ms] [rows:10] SELECT * FROM "auth_permissions"
2025-10-23 15:22:03 | DEBUG    | DB       |                     | [7.439ms] [rows:1] SELECT * FROM "auth_roles" WHERE name = 'SuperAdmin' ORDER BY "auth_roles"."id" LIMIT 1
2025-10-23 15:22:03 | DEBUG    | DB       |                     | [3.977ms] [rows:1] SELECT * FROM "auth_roles" WHERE name = 'LdapBroker' ORDER BY "auth_roles"."id" LIMIT 1
2025-10-23 15:22:03 | DEBUG    | DB       |                     | [8.916ms] [rows:20] DELETE FROM "auth_role_permissions" WHERE role_id IN (1,2)
2025-10-23 15:22:03 | DEBUG    | DB       |                     | [9.422ms] [rows:20] INSERT INTO "auth_role_permissions" ("role_id","permission_id","read","write","exec") VALUES (1,1,true,true,true),(2,1,true,true,true),(1,2,true,true,true),(2,2,true,true,true),(1,3,true,true,true),(2,3,true,true,true),(1,4,true,true,true),(2,4,true,true,true),(1,5,true,true,true),(2,5,true,true,true),(1,6,true,true,true),(2,6,true,true,true),(1,7,true,true,true),(2,7,true,true,true),(1,8,true,true,true),(2,8,true,true,true),(1,9,true,true,true),(2,9,true,true,true),(1,10,true,true,true),(2,10,true,true,true) RETURNING *
2025-10-23 15:22:03 | DEBUG    | DB       |                     | [8.104ms] [rows:1] SELECT * FROM "auth_user_roles" WHERE role_id = 1 ORDER BY "auth_user_roles"."user_id" LIMIT 1
2025-10-23 15:22:03 | DEBUG    | DB       |                     | [7.456ms] [rows:1] SELECT * FROM "auth_users" WHERE login = 'admin' ORDER BY "auth_users"."id" LIMIT 1
2025-10-23 15:22:03 | DEBUG    | DB       |                     | [7.990ms] [rows:1] SELECT * FROM "auth_users" WHERE "id" = 1024 ORDER BY "auth_users"."id" LIMIT 1
2025-10-23 15:22:03 | DEBUG    | DB       |                     | [8.093ms] [rows:0] SELECT "auth_tasks"."id","auth_tasks"."name","auth_tasks"."type","auth_tasks"."user_id","auth_tasks"."status","auth_tasks"."created_at","auth_tasks"."updated_at" FROM "auth_tasks" WHERE status IN ('running','pending') ORDER BY auth_tasks."created_at" ASC
2025-10-23 15:22:03 | DEBUG    | DB       |                     | [7.356ms] [rows:0] DELETE FROM auth_analytics_admins WHERE created_at < '2022-10-24 12:22:03.549'
2025-10-23 15:22:03 | DEBUG    | DB       |                     | [7.876ms] [rows:0] DELETE FROM auth_analytics_broker WHERE created_at < '2022-10-24 12:22:03.556'
2025-10-23 15:22:03 | DEBUG    | DB       |                     | [7.714ms] [rows:1] SELECT COUNT(*) FROM auth_analytics_admins
2025-10-23 15:22:03 | DEBUG    | DB       |                     | [8.296ms] [rows:1] SELECT COUNT(*) FROM auth_analytics_broker
2025-10-23 15:22:03 | DEBUG    | DB       |                     | [7.907ms] [rows:1] SELECT * FROM "auth_profiles" WHERE user_id = 1024 ORDER BY "auth_profiles"."id" LIMIT 1
2025-10-23 15:22:03 | DEBUG    | DB       |                     | [8.456ms] [rows:3] SELECT * FROM "auth_configs"
2025-10-23 15:22:03 | INFO     | APP      |                     | Starting REST Server
2025-10-23 15:22:04 | INFO     | APP      |                     | Stopping REST Server
2025-10-23 15:22:04 | INFO     | APP      |                     | Окончание работы системы
2025-10-23 15:23:04 | DEBUG    | DB       |                     | [2.899ms] [rows:0] SELECT * FROM "auth_config_files" WHERE "auth_config_files"."config_key" = 'auth'
2025-10-23 15:23:04 | DEBUG    | DB       |                     | [9.696ms] [rows:1] SELECT * FROM "auth_configs" WHERE key = 'auth' ORDER BY "auth_configs"."key" LIMIT 1
2025-10-23 15:23:04 | DEBUG    | DB       |                     | [6.831ms] [rows:0] SELECT * FROM "auth_config_files" WHERE "auth_config_files"."config_key" = 'audit'
2025-10-23 15:23:04 | DEBUG    | DB       |                     | [9.883ms] [rows:1] SELECT * FROM "auth_configs" WHERE key = 'audit' ORDER BY "auth_configs"."key" LIMIT 1
2025-10-23 15:23:04 | INFO     | APP      |                     | Начало работы системы
2025-10-23 15:23:04 | DEBUG    | DB       |                     | [9.047ms] [rows:0] ALTER SEQUENCE public.auth_users_id_seq RESTART WITH 1024
2025-10-23 15:23:04 | DEBUG    | DB       |                     | [7.013ms] [rows:10] SELECT * FROM "auth_permissions"
2025-10-23 15:23:04 | DEBUG    | DB       |                     | [3.304ms] [rows:10] SELECT * FROM "auth_permissions"
2025-10-23 15:23:04 | DEBUG    | DB       |                     | [7.839ms] [rows:1] SELECT * FROM "auth_roles" WHERE name = 'SuperAdmin' ORDER BY "auth_roles"."id" LIMIT 1
2025-10-23 15:23:04 | DEBUG    | DB       |                     | [3.763ms] [rows:1] SELECT * FROM "auth_roles" WHERE name = 'LdapBroker' ORDER BY "auth_roles"."id" LIMIT 1
2025-10-23 15:23:04 | DEBUG    | DB       |                     | [7.384ms] [rows:20] DELETE FROM "auth_role_permissions" WHERE role_id IN (1,2)
2025-10-23 15:23:04 | DEBUG    | DB       |                     | [9.230ms] [rows:20] INSERT INTO "auth_role_permissions" ("role_id","permission_id","read","write","exec") VALUES (1,1,true,true,true),(2,1,true,true,true),(1,2,true,true,true),(2,2,true,true,true),(1,3,true,true,true),(2,3,true,true,true),(1,4,true,true,true),(2,4,true,true,true),(1,5,true,true,true),(2,5,true,true,true),(1,6,true,true,true),(2,6,true,true,true),(1,7,true,true,true),(2,7,true,true,true),(1,8,true,true,true),(2,8,true,true,true),(1,9,true,true,true),(2,9,true,true,true),(1,10,true,true,true),(2,10,true,true,true) RETURNING *
2025-10-23 15:23:04 | DEBUG    | DB       |                     | [7.273ms] [rows:1] SELECT * FROM "auth_user_roles" WHERE role_id = 1 ORDER BY "auth_user_roles"."user_id" LIMIT 1
2025-10-23 15:23:04 | DEBUG    | DB       |                     | [7.639ms] [rows:1] SELECT * FROM "auth_users" WHERE login = 'admin' ORDER BY "auth_users"."id" LIMIT 1
2025-10-23 15:23:04 | DEBUG    | DB       |                     | [8.451ms] [rows:1] SELECT * FROM "auth_users" WHERE "id" = 1024 ORDER BY "auth_users"."id" LIMIT 1
2025-10-23 15:23:04 | DEBUG    | DB       |                     | [8.190ms] [rows:0] SELECT "auth_tasks"."id","auth_tasks"."name","auth_tasks"."type","auth_tasks"."user_id","auth_tasks"."status","auth_tasks"."created_at","auth_tasks"."updated_at" FROM "auth_tasks" WHERE status IN ('running','pending') ORDER BY auth_tasks."created_at" ASC
2025-10-23 15:23:04 | DEBUG    | DB       |                     | [6.706ms] [rows:0] DELETE FROM auth_analytics_admins WHERE created_at < '2025-10-22 12:23:04.503'
2025-10-23 15:23:04 | DEBUG    | DB       |                     | [7.406ms] [rows:0] DELETE FROM auth_analytics_broker WHERE created_at < '2022-10-24 12:23:04.509'
2025-10-23 15:23:04 | DEBUG    | DB       |                     | [7.427ms] [rows:1] SELECT COUNT(*) FROM auth_analytics_admins
2025-10-23 15:23:04 | DEBUG    | DB       |                     | [6.714ms] [rows:1] SELECT COUNT(*) FROM auth_analytics_broker
2025-10-23 15:23:04 | DEBUG    | DB       |                     | [7.718ms] [rows:1] SELECT * FROM "auth_profiles" WHERE user_id = 1024 ORDER BY "auth_profiles"."id" LIMIT 1
2025-10-23 15:23:04 | DEBUG    | DB       |                     | [7.302ms] [rows:3] SELECT * FROM "auth_configs"
2025-10-23 15:23:04 | INFO     | APP      |                     | Starting REST Server
2025-10-23 15:23:05 | DEBUG    | DB       |                     | [4.474ms] [rows:0] DELETE FROM auth_analytics_admins WHERE created_at < '2025-10-22 12:23:05.504'
2025-10-23 15:23:05 | DEBUG    | DB       |                     | [3.418ms] [rows:0] DELETE FROM auth_analytics_broker WHERE created_at < '2022-10-24 12:23:05.508'
2025-10-23 15:23:05 | DEBUG    | DB       |                     | [3.688ms] [rows:1] SELECT COUNT(*) FROM auth_analytics_admins
2025-10-23 15:23:05 | DEBUG    | DB       |                     | [3.456ms] [rows:1] SELECT COUNT(*) FROM auth_analytics_broker
2025-10-23 15:23:06 | DEBUG    | DB       |                     | [4.357ms] [rows:0] DELETE FROM auth_analytics_admins WHERE created_at < '2025-10-22 12:23:06.504'
2025-10-23 15:23:06 | DEBUG    | DB       |                     | [4.612ms] [rows:0] DELETE FROM auth_analytics_broker WHERE created_at < '2022-10-24 12:23:06.508'
2025-10-23 15:23:06 | DEBUG    | DB       |                     | [3.619ms] [rows:1] SELECT COUNT(*) FROM auth_analytics_admins
2025-10-23 15:23:06 | DEBUG    | DB       |                     | [3.485ms] [rows:1] SELECT COUNT(*) FROM auth_analytics_broker
2025-10-23 15:23:07 | DEBUG    | DB       |                     | [8.184ms] [rows:0] DELETE FROM auth_analytics_admins WHERE created_at < '2025-10-22 12:23:07.504'
2025-10-23 15:23:07 | DEBUG    | DB       |                     | [3.329ms] [rows:0] DELETE FROM auth_analytics_broker WHERE created_at < '2022-10-24 12:23:07.512'
2025-10-23 15:23:07 | DEBUG    | DB       |                     | [3.568ms] [rows:1] SELECT COUNT(*) FROM auth_analytics_admins
2025-10-23 15:23:07 | DEBUG    | DB       |                     | [3.377ms] [rows:1] SELECT COUNT(*) FROM auth_analytics_broker
2025-10-23 15:23:08 | DEBUG    | DB       |                     | [7.628ms] [rows:0] DELETE FROM auth_analytics_admins WHERE created_at < '2025-10-22 12:23:08.503'
2025-10-23 15:23:08 | DEBUG    | DB       |                     | [3.430ms] [rows:0] DELETE FROM auth_analytics_broker WHERE created_at < '2022-10-24 12:23:08.51'
2025-10-23 15:23:08 | DEBUG    | DB       |                     | [3.430ms] [rows:1] SELECT COUNT(*) FROM auth_analytics_admins
2025-10-23 15:23:08 | DEBUG    | DB       |                     | [3.615ms] [rows:1] SELECT COUNT(*) FROM auth_analytics_broker
2025-10-23 15:23:09 | DEBUG    | DB       |                     | [6.553ms] [rows:0] DELETE FROM auth_analytics_admins WHERE created_at < '2025-10-22 12:23:09.504'
2025-10-23 15:23:09 | DEBUG    | DB       |                     | [3.219ms] [rows:0] DELETE FROM auth_analytics_broker WHERE created_at < '2022-10-24 12:23:09.511'
2025-10-23 15:23:09 | DEBUG    | DB       |                     | [3.399ms] [rows:1] SELECT COUNT(*) FROM auth_analytics_admins
2025-10-23 15:23:09 | DEBUG    | DB       |                     | [4.139ms] [rows:1] SELECT COUNT(*) FROM auth_analytics_broker
2025-10-23 15:23:10 | DEBUG    | DB       |                     | [5.168ms] [rows:0] DELETE FROM auth_analytics_admins WHERE created_at < '2025-10-22 12:23:10.504'
2025-10-23 15:23:10 | DEBUG    | DB       |                     | [3.454ms] [rows:0] DELETE FROM auth_analytics_broker WHERE created_at < '2022-10-24 12:23:10.51'
2025-10-23 15:23:10 | DEBUG    | DB       |                     | [4.989ms] [rows:1] SELECT COUNT(*) FROM auth_analytics_admins
2025-10-23 15:23:10 | DEBUG    | DB       |                     | [4.826ms] [rows:1] SELECT COUNT(*) FROM auth_analytics_broker
2025-10-23 15:23:11 | DEBUG    | DB       |                     | [8.156ms] [rows:0] DELETE FROM auth_analytics_admins WHERE created_at < '2025-10-22 12:23:11.503'
2025-10-23 15:23:11 | DEBUG    | DB       |                     | [3.618ms] [rows:0] DELETE FROM auth_analytics_broker WHERE created_at < '2022-10-24 12:23:11.512'
2025-10-23 15:23:11 | DEBUG    | DB       |                     | [4.269ms] [rows:1] SELECT COUNT(*) FROM auth_analytics_admins
2025-10-23 15:23:11 | DEBUG    | DB       |                     | [4.686ms] [rows:1] SELECT COUNT(*) FROM auth_analytics_broker
2025-10-23 15:23:12 | DEBUG    | DB       |                     | [8.225ms] [rows:0] DELETE FROM auth_analytics_admins WHERE created_at < '2025-10-22 12:23:12.503'
2025-10-23 15:23:12 | DEBUG    | DB       |                     | [4.067ms] [rows:0] DELETE FROM auth_analytics_broker WHERE created_at < '2022-10-24 12:23:12.511'
2025-10-23 15:23:12 | DEBUG    | DB       |                     | [3.756ms] [rows:1] SELECT COUNT(*) FROM auth_analytics_admins
2025-10-23 15:23:12 | DEBUG    | DB       |                     | [4.317ms] [rows:1] SELECT COUNT(*) FROM auth_analytics_broker
2025-10-23 15:23:13 | DEBUG    | DB       |                     | [8.278ms] [rows:0] DELETE FROM auth_analytics_admins WHERE created_at < '2025-10-22 12:23:13.504'
2025-10-23 15:23:13 | DEBUG    | DB       |                     | [3.356ms] [rows:0] DELETE FROM auth_analytics_broker WHERE created_at < '2022-10-24 12:23:13.512'
2025-10-23 15:23:13 | DEBUG    | DB       |                     | [4.431ms] [rows:1] SELECT COUNT(*) FROM auth_analytics_admins
2025-10-23 15:23:13 | DEBUG    | DB       |                     | [5.182ms] [rows:1] SELECT COUNT(*) FROM auth_analytics_broker
2025-10-23 15:23:14 | DEBUG    | DB       |                     | [8.780ms] [rows:0] DELETE FROM auth_analytics_admins WHERE created_at < '2025-10-22 12:23:14.504'
2025-10-23 15:23:14 | DEBUG    | DB       |                     | [4.904ms] [rows:0] DELETE FROM auth_analytics_broker WHERE created_at < '2022-10-24 12:23:14.513'
2025-10-23 15:23:14 | DEBUG    | DB       |                     | [4.685ms] [rows:1] SELECT COUNT(*) FROM auth_analytics_admins
2025-10-23 15:23:14 | DEBUG    | DB       |                     | [6.929ms] [rows:1] SELECT COUNT(*) FROM auth_analytics_broker
2025-10-23 15:23:15 | DEBUG    | DB       |                     | [8.697ms] [rows:0] DELETE FROM auth_analytics_admins WHERE created_at < '2025-10-22 12:23:15.504'
2025-10-23 15:23:15 | DEBUG    | DB       |                     | [3.158ms] [rows:0] DELETE FROM auth_analytics_broker WHERE created_at < '2022-10-24 12:23:15.513'
2025-10-23 15:23:15 | DEBUG    | DB       |                     | [3.476ms] [rows:1] SELECT COUNT(*) FROM auth_analytics_admins
2025-10-23 15:23:15 | DEBUG    | DB       |                     | [3.853ms] [rows:1] SELECT COUNT(*) FROM auth_analytics_broker
2025-10-23 15:23:16 | DEBUG    | DB       |                     | [7.915ms] [rows:0] DELETE FROM auth_analytics_admins WHERE created_at < '2025-10-22 12:23:16.504'
2025-10-23 15:23:16 | DEBUG    | DB       |                     | [3.624ms] [rows:0] DELETE FROM auth_analytics_broker WHERE created_at < '2022-10-24 12:23:16.512'
2025-10-23 15:23:16 | DEBUG    | DB       |                     | [3.431ms] [rows:1] SELECT COUNT(*) FROM auth_analytics_admins
2025-10-23 15:23:16 | DEBUG    | DB       |                     | [3.606ms] [rows:1] SELECT COUNT(*) FROM auth_analytics_broker
2025-10-23 15:23:17 | DEBUG    | DB       |                     | [8.701ms] [rows:0] DELETE FROM auth_analytics_admins WHERE created_at < '2025-10-22 12:23:17.503'
2025-10-23 15:23:17 | DEBUG    | DB       |                     | [2.933ms] [rows:0] DELETE FROM auth_analytics_broker WHERE created_at < '2022-10-24 12:23:17.512'
2025-10-23 15:23:17 | DEBUG    | DB       |                     | [3.904ms] [rows:1] SELECT COUNT(*) FROM auth_analytics_admins
2025-10-23 15:23:17 | DEBUG    | DB       |                     | [3.811ms] [rows:1] SELECT COUNT(*) FROM auth_analytics_broker
2025-10-23 15:23:18 | DEBUG    | DB       |                     | [8.720ms] [rows:0] DELETE FROM auth_analytics_admins WHERE created_at < '2025-10-22 12:23:18.504'
2025-10-23 15:23:18 | DEBUG    | DB       |                     | [3.437ms] [rows:0] DELETE FROM auth_analytics_broker WHERE created_at < '2022-10-24 12:23:18.513'
2025-10-23 15:23:18 | DEBUG    | DB       |                     | [4.214ms] [rows:1] SELECT COUNT(*) FROM auth_analytics_admins
2025-10-23 15:23:18 | DEBUG    | DB       |                     | [3.866ms] [rows:1] SELECT COUNT(*) FROM auth_analytics_broker
2025-10-23 15:23:19 | DEBUG    | DB       |                     | [3.368ms] [rows:0] DELETE FROM auth_analytics_admins WHERE created_at < '2025-10-22 12:23:19.504'
2025-10-23 15:23:19 | DEBUG    | DB       |                     | [3.636ms] [rows:0] DELETE FROM auth_analytics_broker WHERE created_at < '2022-10-24 12:23:19.507'
2025-10-23 15:23:19 | DEBUG    | DB       |                     | [3.616ms] [rows:1] SELECT COUNT(*) FROM auth_analytics_admins
2025-10-23 15:23:19 | DEBUG    | DB       |                     | [3.442ms] [rows:1] SELECT COUNT(*) FROM auth_analytics_broker
2025-10-23 15:23:20 | DEBUG    | DB       |                     | [9.765ms] [rows:0] DELETE FROM auth_analytics_admins WHERE created_at < '2025-10-22 12:23:20.504'
2025-10-23 15:23:20 | DEBUG    | DB       |                     | [4.786ms] [rows:0] DELETE FROM auth_analytics_broker WHERE created_at < '2022-10-24 12:23:20.514'
2025-10-23 15:23:20 | DEBUG    | DB       |                     | [4.101ms] [rows:1] SELECT COUNT(*) FROM auth_analytics_admins
2025-10-23 15:23:20 | DEBUG    | DB       |                     | [3.774ms] [rows:1] SELECT COUNT(*) FROM auth_analytics_broker
2025-10-23 15:23:21 | DEBUG    | DB       |                     | [3.690ms] [rows:0] DELETE FROM auth_analytics_admins WHERE created_at < '2025-10-22 12:23:21.504'
2025-10-23 15:23:21 | DEBUG    | DB       |                     | [3.368ms] [rows:0] DELETE FROM auth_analytics_broker WHERE created_at < '2022-10-24 12:23:21.508'
2025-10-23 15:23:21 | DEBUG    | DB       |                     | [3.873ms] [rows:1] SELECT COUNT(*) FROM auth_analytics_admins
2025-10-23 15:23:21 | DEBUG    | DB       |                     | [3.433ms] [rows:1] SELECT COUNT(*) FROM auth_analytics_broker
2025-10-23 15:23:22 | DEBUG    | DB       |                     | [8.694ms] [rows:0] DELETE FROM auth_analytics_admins WHERE created_at < '2025-10-22 12:23:22.504'
2025-10-23 15:23:22 | DEBUG    | DB       |                     | [3.677ms] [rows:0] DELETE FROM auth_analytics_broker WHERE created_at < '2022-10-24 12:23:22.513'
2025-10-23 15:23:22 | DEBUG    | DB       |                     | [3.648ms] [rows:1] SELECT COUNT(*) FROM auth_analytics_admins
2025-10-23 15:23:22 | DEBUG    | DB       |                     | [3.485ms] [rows:1] SELECT COUNT(*) FROM auth_analytics_broker
2025-10-23 15:23:23 | DEBUG    | DB       |       1761222203312 | [6.980ms] [rows:1] SELECT * FROM "auth_user_roles" WHERE "auth_user_roles"."user_id" = 1024
2025-10-23 15:23:23 | DEBUG    | DB       |       1761222203312 | [9.505ms] [rows:1] SELECT * FROM "auth_roles" WHERE "auth_roles"."id" = 1
2025-10-23 15:23:23 | DEBUG    | DB       |       1761222203312 | [25.536ms] [rows:1] SELECT * FROM "auth_users" WHERE login = 'admin' ORDER BY "auth_users"."id" LIMIT 1
2025-10-23 15:23:23 | DEBUG    | DB       |       1761222203312 | [27.516ms] [rows:0] SELECT * FROM "auth_users_blocked" WHERE user_id = 1024 ORDER BY "auth_users_blocked"."user_id" LIMIT 1
2025-10-23 15:23:23 | DEBUG    | DB       |       1761222203312 | [9.561ms] [rows:1] INSERT INTO "auth_tokens" ("user_id","device_id","token","logged_at","updated_at","expires_at","provider") VALUES (1024,4,'d3t1sepd2u2mhk9mg0b0','2025-10-23 12:23:23.471','2025-10-23 12:23:23.471','2025-10-23 20:23:23.471',NULL) ON CONFLICT ("user_id","device_id") DO UPDATE SET "token"="excluded"."token","expires_at"="excluded"."expires_at","updated_at"="excluded"."updated_at","provider"="excluded"."provider" RETURNING *
2025-10-23 15:23:23 | DEBUG    | DB       |       1761222203312 | [3.842ms] [rows:1] SELECT * FROM "auth_user_roles" WHERE "auth_user_roles"."user_id" = 1024
2025-10-23 15:23:23 | DEBUG    | DB       |                     | [10.307ms] [rows:0] DELETE FROM auth_analytics_admins WHERE created_at < '2025-10-22 12:23:23.503'
2025-10-23 15:23:23 | DEBUG    | DB       |       1761222203312 | [8.734ms] [rows:10] SELECT * FROM "auth_permissions" WHERE "auth_permissions"."id" IN (1,2,3,4,5,6,7,8,9,10)
2025-10-23 15:23:23 | DEBUG    | DB       |       1761222203312 | [17.771ms] [rows:10] SELECT * FROM "auth_role_permissions" WHERE "auth_role_permissions"."role_id" = 1
2025-10-23 15:23:23 | DEBUG    | DB       |       1761222203312 | [21.346ms] [rows:1] SELECT * FROM "auth_roles" WHERE "auth_roles"."id" = 1
2025-10-23 15:23:23 | DEBUG    | DB       |       1761222203312 | [35.048ms] [rows:1] SELECT * FROM "auth_users" WHERE id = 1024 ORDER BY "auth_users"."id" LIMIT 1
2025-10-23 15:23:23 | DEBUG    | DB       |                     | [7.263ms] [rows:0] DELETE FROM auth_analytics_broker WHERE created_at < '2022-10-24 12:23:23.513'
2025-10-23 15:23:23 | DEBUG    | DB       |       1761222203312 | [6.899ms] [rows:1] SELECT * FROM "auth_profiles" WHERE user_id = 1024 ORDER BY "auth_profiles"."id" LIMIT 1
2025-10-23 15:23:23 | DEBUG    | DB       |                     | [8.104ms] [rows:1] SELECT COUNT(*) FROM auth_analytics_admins
2025-10-23 15:23:23 | DEBUG    | DB       |                     | [58.729ms] [rows:1] SELECT COUNT(*) FROM auth_analytics_broker
2025-10-23 15:23:23 | INFO     | HTTP     |       1761222203312 | user_id=1024 |  200 |  285.960375ms |       127.0.0.1 | POST     "/api/v1/auth/login"  ⇢ Request JSON: {"device_id":4,"login":"admin","password":"****"} ⇠ Response JSON: {"accessToken":"****","expires":28800,"refreshToken":"****","token_type":"****","user":{"email":null,"first_name":"Admin","id":1024,"last_name":null,"login":"admin","phone":null,"profile":{"address":"Moscow","age":null,"height":null},"roles":[{"exec":["stream","query-history","auth/users","auth/sessions","auth/analytics","news","auth/roles","configs","tasks","auth/users-blocked"],"id":1,"is_system":true,"name":"SuperAdmin","read":["stream","query-history","auth/users","auth/sessions","auth/analytics","news","auth/roles","configs","tasks","auth/users-blocked"],"write":["stream","query-history","auth/users","auth/sessions","auth/analytics","news","auth/roles","configs","tasks","auth/users-blocked"]}],"second_name":null},"user_id":1024}
2025-10-23 15:23:24 | DEBUG    | DB       |       1761222204417 | [6.812ms] [rows:1] SELECT * FROM "auth_user_roles" WHERE "auth_user_roles"."user_id" = 1024
2025-10-23 15:23:24 | DEBUG    | DB       |       1761222204417 | [7.819ms] [rows:1] SELECT * FROM "auth_roles" WHERE "auth_roles"."id" = 1
2025-10-23 15:23:24 | DEBUG    | DB       |       1761222204417 | [22.920ms] [rows:1] SELECT * FROM "auth_users" WHERE login = 'admin' ORDER BY "auth_users"."id" LIMIT 1
2025-10-23 15:23:24 | DEBUG    | DB       |       1761222204417 | [3.750ms] [rows:0] SELECT * FROM "auth_users_blocked" WHERE user_id = 1024 ORDER BY "auth_users_blocked"."user_id" LIMIT 1
2025-10-23 15:23:24 | DEBUG    | DB       |       1761222204494 | [8.771ms] [rows:1] INSERT INTO "auth_analytics_admins" ("operation_id","path","method","status_code","client_ip","request_body","response_body","created_at","user_id","login","name","error","action") VALUES ('1761222203312','/api/v1/auth/login','POST',200,'127.0.0.1','<binary>','<binary>','2025-10-23 12:23:23.324',1024,'admin','Admin',NULL,'Вход администратора в систему') RETURNING *
2025-10-23 15:23:24 | DEBUG    | DB       |                     | [3.533ms] [rows:0] DELETE FROM auth_analytics_admins WHERE created_at < '2025-10-22 12:23:24.503'
2025-10-23 15:23:24 | DEBUG    | DB       |                     | [3.366ms] [rows:0] DELETE FROM auth_analytics_broker WHERE created_at < '2022-10-24 12:23:24.507'
2025-10-23 15:23:24 | DEBUG    | DB       |                     | [3.724ms] [rows:1] SELECT COUNT(*) FROM auth_analytics_admins
2025-10-23 15:23:24 | DEBUG    | DB       |                     | [9.187ms] [rows:2] DELETE FROM auth_analytics_admins 							WHERE id IN ( 								SELECT id 								FROM auth_analytics_admins 								ORDER BY created_at ASC 								LIMIT 2 						);
2025-10-23 15:23:24 | DEBUG    | DB       |                     | [3.427ms] [rows:1] SELECT COUNT(*) FROM auth_analytics_broker
2025-10-23 15:23:24 | DEBUG    | DB       |       1761222204417 | [9.902ms] [rows:1] INSERT INTO "auth_tokens" ("user_id","device_id","token","logged_at","updated_at","expires_at","provider") VALUES (1024,4,'d3t1sf1d2u2mhk9mg0bg','2025-10-23 12:23:24.549','2025-10-23 12:23:24.549','2025-10-23 20:23:24.549',NULL) ON CONFLICT ("user_id","device_id") DO UPDATE SET "token"="excluded"."token","expires_at"="excluded"."expires_at","updated_at"="excluded"."updated_at","provider"="excluded"."provider" RETURNING *
2025-10-23 15:23:24 | DEBUG    | DB       |       1761222204417 | [4.119ms] [rows:1] SELECT * FROM "auth_user_roles" WHERE "auth_user_roles"."user_id" = 1024
2025-10-23 15:23:24 | DEBUG    | DB       |       1761222204417 | [7.894ms] [rows:10] SELECT * FROM "auth_permissions" WHERE "auth_permissions"."id" IN (1,2,3,4,5,6,7,8,9,10)
2025-10-23 15:23:24 | DEBUG    | DB       |       1761222204417 | [17.082ms] [rows:10] SELECT * FROM "auth_role_permissions" WHERE "auth_role_permissions"."role_id" = 1
2025-10-23 15:23:24 | DEBUG    | DB       |       1761222204417 | [20.543ms] [rows:1] SELECT * FROM "auth_roles" WHERE "auth_roles"."id" = 1
2025-10-23 15:23:24 | DEBUG    | DB       |       1761222204417 | [32.669ms] [rows:1] SELECT * FROM "auth_users" WHERE id = 1024 ORDER BY "auth_users"."id" LIMIT 1
2025-10-23 15:23:24 | DEBUG    | DB       |       1761222204417 | [7.435ms] [rows:1] SELECT * FROM "auth_profiles" WHERE user_id = 1024 ORDER BY "auth_profiles"."id" LIMIT 1
2025-10-23 15:23:24 | INFO     | HTTP     |       1761222204417 | user_id=1024 |  200 |  209.272333ms |       127.0.0.1 | POST     "/api/v1/auth/login"  ⇢ Request JSON: {"device_id":4,"login":"admin","password":"****"} ⇠ Response JSON: {"accessToken":"****","expires":28800,"refreshToken":"****","token_type":"****","user":{"email":null,"first_name":"Admin","id":1024,"last_name":null,"login":"admin","phone":null,"profile":{"address":"Moscow","age":null,"height":null},"roles":[{"exec":["stream","query-history","auth/users","auth/sessions","auth/analytics","news","auth/roles","configs","tasks","auth/users-blocked"],"id":1,"is_system":true,"name":"SuperAdmin","read":["stream","query-history","auth/users","auth/sessions","auth/analytics","news","auth/roles","configs","tasks","auth/users-blocked"],"write":["stream","query-history","auth/users","auth/sessions","auth/analytics","news","auth/roles","configs","tasks","auth/users-blocked"]}],"second_name":null},"user_id":1024}
2025-10-23 15:23:25 | DEBUG    | DB       |                     | [7.617ms] [rows:0] DELETE FROM auth_analytics_admins WHERE created_at < '2025-10-22 12:23:25.504'
2025-10-23 15:23:25 | DEBUG    | DB       |                     | [3.131ms] [rows:0] DELETE FROM auth_analytics_broker WHERE created_at < '2022-10-24 12:23:25.512'
2025-10-23 15:23:25 | DEBUG    | DB       |                     | [2.919ms] [rows:1] SELECT COUNT(*) FROM auth_analytics_admins
2025-10-23 15:23:25 | DEBUG    | DB       |                     | [3.435ms] [rows:1] SELECT COUNT(*) FROM auth_analytics_broker
2025-10-23 15:23:26 | DEBUG    | DB       |                     | [7.655ms] [rows:0] DELETE FROM auth_analytics_admins WHERE created_at < '2025-10-22 12:23:26.503'
2025-10-23 15:23:26 | DEBUG    | DB       |                     | [3.488ms] [rows:0] DELETE FROM auth_analytics_broker WHERE created_at < '2022-10-24 12:23:26.511'
2025-10-23 15:23:26 | DEBUG    | DB       |                     | [4.009ms] [rows:1] SELECT COUNT(*) FROM auth_analytics_admins
2025-10-23 15:23:26 | DEBUG    | DB       |                     | [3.405ms] [rows:1] SELECT COUNT(*) FROM auth_analytics_broker
2025-10-23 15:23:27 | DEBUG    | DB       |                     | [5.477ms] [rows:0] DELETE FROM auth_analytics_admins WHERE created_at < '2025-10-22 12:23:27.504'
2025-10-23 15:23:27 | DEBUG    | DB       |                     | [3.299ms] [rows:0] DELETE FROM auth_analytics_broker WHERE created_at < '2022-10-24 12:23:27.509'
2025-10-23 15:23:27 | DEBUG    | DB       |                     | [4.007ms] [rows:1] SELECT COUNT(*) FROM auth_analytics_admins
2025-10-23 15:23:27 | DEBUG    | DB       |                     | [3.392ms] [rows:1] SELECT COUNT(*) FROM auth_analytics_broker
2025-10-23 15:23:28 | DEBUG    | DB       |                     | [3.354ms] [rows:0] DELETE FROM auth_analytics_admins WHERE created_at < '2025-10-22 12:23:28.504'
2025-10-23 15:23:28 | DEBUG    | DB       |                     | [3.420ms] [rows:0] DELETE FROM auth_analytics_broker WHERE created_at < '2022-10-24 12:23:28.507'
2025-10-23 15:23:28 | DEBUG    | DB       |                     | [3.021ms] [rows:1] SELECT COUNT(*) FROM auth_analytics_admins
2025-10-23 15:23:28 | DEBUG    | DB       |                     | [3.314ms] [rows:1] SELECT COUNT(*) FROM auth_analytics_broker
2025-10-23 15:23:29 | DEBUG    | DB       |                     | [4.043ms] [rows:0] DELETE FROM auth_analytics_admins WHERE created_at < '2025-10-22 12:23:29.504'
2025-10-23 15:23:29 | DEBUG    | DB       |                     | [2.838ms] [rows:0] DELETE FROM auth_analytics_broker WHERE created_at < '2022-10-24 12:23:29.508'
2025-10-23 15:23:29 | DEBUG    | DB       |                     | [3.540ms] [rows:1] SELECT COUNT(*) FROM auth_analytics_admins
2025-10-23 15:23:29 | DEBUG    | DB       |                     | [3.027ms] [rows:1] SELECT COUNT(*) FROM auth_analytics_broker
2025-10-23 15:23:30 | DEBUG    | DB       |       1761222210230 | [9.609ms] [rows:1] SELECT * FROM "auth_user_roles" WHERE "auth_user_roles"."user_id" = 1024
2025-10-23 15:23:30 | DEBUG    | DB       |       1761222210230 | [7.069ms] [rows:1] SELECT * FROM "auth_roles" WHERE "auth_roles"."id" = 1
2025-10-23 15:23:30 | DEBUG    | DB       |       1761222210230 | [25.272ms] [rows:1] SELECT * FROM "auth_users" WHERE login = 'admin' ORDER BY "auth_users"."id" LIMIT 1
2025-10-23 15:23:30 | DEBUG    | DB       |       1761222210230 | [6.713ms] [rows:0] SELECT * FROM "auth_users_blocked" WHERE user_id = 1024 ORDER BY "auth_users_blocked"."user_id" LIMIT 1
2025-10-23 15:23:30 | DEBUG    | DB       |       1761222210230 | [7.007ms] [rows:1] INSERT INTO "auth_tokens" ("user_id","device_id","token","logged_at","updated_at","expires_at","provider") VALUES (1024,4,'d3t1sghd2u2mhk9mg0c0','2025-10-23 12:23:30.346','2025-10-23 12:23:30.346','2025-10-23 20:23:30.346',NULL) ON CONFLICT ("user_id","device_id") DO UPDATE SET "token"="excluded"."token","expires_at"="excluded"."expires_at","updated_at"="excluded"."updated_at","provider"="excluded"."provider" RETURNING *
2025-10-23 15:23:30 | DEBUG    | DB       |       1761222210230 | [3.685ms] [rows:1] SELECT * FROM "auth_user_roles" WHERE "auth_user_roles"."user_id" = 1024
2025-10-23 15:23:30 | DEBUG    | DB       |       1761222210230 | [9.000ms] [rows:10] SELECT * FROM "auth_permissions" WHERE "auth_permissions"."id" IN (1,2,3,4,5,6,7,8,9,10)
2025-10-23 15:23:30 | DEBUG    | DB       |       1761222210230 | [16.845ms] [rows:10] SELECT * FROM "auth_role_permissions" WHERE "auth_role_permissions"."role_id" = 1
2025-10-23 15:23:30 | DEBUG    | DB       |       1761222210230 | [20.541ms] [rows:1] SELECT * FROM "auth_roles" WHERE "auth_roles"."id" = 1
2025-10-23 15:23:30 | DEBUG    | DB       |       1761222210230 | [30.696ms] [rows:1] SELECT * FROM "auth_users" WHERE id = 1024 ORDER BY "auth_users"."id" LIMIT 1
2025-10-23 15:23:30 | DEBUG    | DB       |       1761222210230 | [10.061ms] [rows:1] SELECT * FROM "auth_profiles" WHERE user_id = 1024 ORDER BY "auth_profiles"."id" LIMIT 1
2025-10-23 15:23:30 | INFO     | HTTP     |       1761222210230 | user_id=1024 |  200 |     189.859ms |       127.0.0.1 | POST     "/api/v1/auth/login"  ⇢ Request JSON: {"device_id":4,"login":"admin","password":"****"} ⇠ Response JSON: {"accessToken":"****","expires":28800,"refreshToken":"****","token_type":"****","user":{"email":null,"first_name":"Admin","id":1024,"last_name":null,"login":"admin","phone":null,"profile":{"address":"Moscow","age":null,"height":null},"roles":[{"exec":["stream","query-history","auth/users","auth/sessions","auth/analytics","news","auth/roles","configs","tasks","auth/users-blocked"],"id":1,"is_system":true,"name":"SuperAdmin","read":["stream","query-history","auth/users","auth/sessions","auth/analytics","news","auth/roles","configs","tasks","auth/users-blocked"],"write":["stream","query-history","auth/users","auth/sessions","auth/analytics","news","auth/roles","configs","tasks","auth/users-blocked"]}],"second_name":null},"user_id":1024}
2025-10-23 15:23:30 | DEBUG    | DB       |                     | [3.220ms] [rows:0] DELETE FROM auth_analytics_admins WHERE created_at < '2025-10-22 12:23:30.504'
2025-10-23 15:23:30 | DEBUG    | DB       |                     | [4.473ms] [rows:0] DELETE FROM auth_analytics_broker WHERE created_at < '2022-10-24 12:23:30.507'
2025-10-23 15:23:30 | DEBUG    | DB       |                     | [4.974ms] [rows:1] SELECT COUNT(*) FROM auth_analytics_admins
2025-10-23 15:23:30 | DEBUG    | DB       |                     | [4.893ms] [rows:1] SELECT COUNT(*) FROM auth_analytics_broker
2025-10-23 15:23:31 | DEBUG    | DB       |       1761222210985 | [7.086ms] [rows:1] SELECT * FROM "auth_user_roles" WHERE "auth_user_roles"."user_id" = 1024
2025-10-23 15:23:31 | DEBUG    | DB       |       1761222210985 | [6.250ms] [rows:1] SELECT * FROM "auth_roles" WHERE "auth_roles"."id" = 1
2025-10-23 15:23:31 | DEBUG    | DB       |       1761222210985 | [20.836ms] [rows:1] SELECT * FROM "auth_users" WHERE login = 'admin' ORDER BY "auth_users"."id" LIMIT 1
2025-10-23 15:23:31 | DEBUG    | DB       |       1761222210985 | [3.751ms] [rows:0] SELECT * FROM "auth_users_blocked" WHERE user_id = 1024 ORDER BY "auth_users_blocked"."user_id" LIMIT 1
2025-10-23 15:23:31 | DEBUG    | DB       |       1761222210985 | [7.311ms] [rows:1] INSERT INTO "auth_tokens" ("user_id","device_id","token","logged_at","updated_at","expires_at","provider") VALUES (1024,4,'d3t1sgpd2u2mhk9mg0cg','2025-10-23 12:23:31.109','2025-10-23 12:23:31.109','2025-10-23 20:23:31.109',NULL) ON CONFLICT ("user_id","device_id") DO UPDATE SET "token"="excluded"."token","expires_at"="excluded"."expires_at","updated_at"="excluded"."updated_at","provider"="excluded"."provider" RETURNING *
2025-10-23 15:23:31 | DEBUG    | DB       |       1761222210985 | [3.263ms] [rows:1] SELECT * FROM "auth_user_roles" WHERE "auth_user_roles"."user_id" = 1024
2025-10-23 15:23:31 | DEBUG    | DB       |       1761222210985 | [6.489ms] [rows:10] SELECT * FROM "auth_permissions" WHERE "auth_permissions"."id" IN (1,2,3,4,5,6,7,8,9,10)
2025-10-23 15:23:31 | DEBUG    | DB       |       1761222210985 | [13.415ms] [rows:10] SELECT * FROM "auth_role_permissions" WHERE "auth_role_permissions"."role_id" = 1
2025-10-23 15:23:31 | DEBUG    | DB       |       1761222210985 | [16.932ms] [rows:1] SELECT * FROM "auth_roles" WHERE "auth_roles"."id" = 1
2025-10-23 15:23:31 | DEBUG    | DB       |       1761222210985 | [27.021ms] [rows:1] SELECT * FROM "auth_users" WHERE id = 1024 ORDER BY "auth_users"."id" LIMIT 1
2025-10-23 15:23:31 | DEBUG    | DB       |       1761222210985 | [7.397ms] [rows:1] SELECT * FROM "auth_profiles" WHERE user_id = 1024 ORDER BY "auth_profiles"."id" LIMIT 1
2025-10-23 15:23:31 | INFO     | HTTP     |       1761222210985 | user_id=1024 |  200 |  189.260625ms |       127.0.0.1 | POST     "/api/v1/auth/login"  ⇢ Request JSON: {"device_id":4,"login":"admin","password":"****"} ⇠ Response JSON: {"accessToken":"****","expires":28800,"refreshToken":"****","token_type":"****","user":{"email":null,"first_name":"Admin","id":1024,"last_name":null,"login":"admin","phone":null,"profile":{"address":"Moscow","age":null,"height":null},"roles":[{"exec":["stream","query-history","auth/users","auth/sessions","auth/analytics","news","auth/roles","configs","tasks","auth/users-blocked"],"id":1,"is_system":true,"name":"SuperAdmin","read":["stream","query-history","auth/users","auth/sessions","auth/analytics","news","auth/roles","configs","tasks","auth/users-blocked"],"write":["stream","query-history","auth/users","auth/sessions","auth/analytics","news","auth/roles","configs","tasks","auth/users-blocked"]}],"second_name":null},"user_id":1024}
2025-10-23 15:23:31 | DEBUG    | DB       |                     | [3.387ms] [rows:0] DELETE FROM auth_analytics_admins WHERE created_at < '2025-10-22 12:23:31.504'
2025-10-23 15:23:31 | DEBUG    | DB       |                     | [3.762ms] [rows:0] DELETE FROM auth_analytics_broker WHERE created_at < '2022-10-24 12:23:31.507'
2025-10-23 15:23:31 | DEBUG    | DB       |                     | [3.350ms] [rows:1] SELECT COUNT(*) FROM auth_analytics_admins
2025-10-23 15:23:31 | DEBUG    | DB       |                     | [3.353ms] [rows:1] SELECT COUNT(*) FROM auth_analytics_broker
2025-10-23 15:23:31 | DEBUG    | DB       |       1761222211667 | [6.003ms] [rows:1] SELECT * FROM "auth_user_roles" WHERE "auth_user_roles"."user_id" = 1024
2025-10-23 15:23:31 | DEBUG    | DB       |       1761222211667 | [6.601ms] [rows:1] SELECT * FROM "auth_roles" WHERE "auth_roles"."id" = 1
2025-10-23 15:23:31 | DEBUG    | DB       |       1761222211667 | [20.587ms] [rows:1] SELECT * FROM "auth_users" WHERE login = 'admin' ORDER BY "auth_users"."id" LIMIT 1
2025-10-23 15:23:31 | DEBUG    | DB       |       1761222211667 | [3.106ms] [rows:0] SELECT * FROM "auth_users_blocked" WHERE user_id = 1024 ORDER BY "auth_users_blocked"."user_id" LIMIT 1
2025-10-23 15:23:31 | DEBUG    | DB       |       1761222211667 | [8.824ms] [rows:1] INSERT INTO "auth_tokens" ("user_id","device_id","token","logged_at","updated_at","expires_at","provider") VALUES (1024,4,'d3t1sgpd2u2mhk9mg0d0','2025-10-23 12:23:31.794','2025-10-23 12:23:31.794','2025-10-23 20:23:31.794',NULL) ON CONFLICT ("user_id","device_id") DO UPDATE SET "token"="excluded"."token","expires_at"="excluded"."expires_at","updated_at"="excluded"."updated_at","provider"="excluded"."provider" RETURNING *
2025-10-23 15:23:31 | DEBUG    | DB       |       1761222211667 | [3.529ms] [rows:1] SELECT * FROM "auth_user_roles" WHERE "auth_user_roles"."user_id" = 1024
2025-10-23 15:23:31 | DEBUG    | DB       |       1761222211667 | [7.258ms] [rows:10] SELECT * FROM "auth_permissions" WHERE "auth_permissions"."id" IN (1,2,3,4,5,6,7,8,9,10)
2025-10-23 15:23:31 | DEBUG    | DB       |       1761222211667 | [14.084ms] [rows:10] SELECT * FROM "auth_role_permissions" WHERE "auth_role_permissions"."role_id" = 1
2025-10-23 15:23:31 | DEBUG    | DB       |       1761222211667 | [17.856ms] [rows:1] SELECT * FROM "auth_roles" WHERE "auth_roles"."id" = 1
2025-10-23 15:23:31 | DEBUG    | DB       |       1761222211667 | [28.209ms] [rows:1] SELECT * FROM "auth_users" WHERE id = 1024 ORDER BY "auth_users"."id" LIMIT 1
2025-10-23 15:23:31 | DEBUG    | DB       |       1761222211667 | [7.453ms] [rows:1] SELECT * FROM "auth_profiles" WHERE user_id = 1024 ORDER BY "auth_profiles"."id" LIMIT 1
2025-10-23 15:23:31 | INFO     | HTTP     |       1761222211667 | user_id=1024 |  200 |  195.686917ms |       127.0.0.1 | POST     "/api/v1/auth/login"  ⇢ Request JSON: {"device_id":4,"login":"admin","password":"****"} ⇠ Response JSON: {"accessToken":"****","expires":28800,"refreshToken":"****","token_type":"****","user":{"email":null,"first_name":"Admin","id":1024,"last_name":null,"login":"admin","phone":null,"profile":{"address":"Moscow","age":null,"height":null},"roles":[{"exec":["stream","query-history","auth/users","auth/sessions","auth/analytics","news","auth/roles","configs","tasks","auth/users-blocked"],"id":1,"is_system":true,"name":"SuperAdmin","read":["stream","query-history","auth/users","auth/sessions","auth/analytics","news","auth/roles","configs","tasks","auth/users-blocked"],"write":["stream","query-history","auth/users","auth/sessions","auth/analytics","news","auth/roles","configs","tasks","auth/users-blocked"]}],"second_name":null},"user_id":1024}
2025-10-23 15:23:32 | DEBUG    | DB       |       1761222212406 | [8.760ms] [rows:1] SELECT * FROM "auth_user_roles" WHERE "auth_user_roles"."user_id" = 1024
2025-10-23 15:23:32 | DEBUG    | DB       |       1761222212406 | [5.969ms] [rows:1] SELECT * FROM "auth_roles" WHERE "auth_roles"."id" = 1
2025-10-23 15:23:32 | DEBUG    | DB       |       1761222212406 | [23.978ms] [rows:1] SELECT * FROM "auth_users" WHERE login = 'admin' ORDER BY "auth_users"."id" LIMIT 1
2025-10-23 15:23:32 | DEBUG    | DB       |       1761222212406 | [3.425ms] [rows:0] SELECT * FROM "auth_users_blocked" WHERE user_id = 1024 ORDER BY "auth_users_blocked"."user_id" LIMIT 1
2025-10-23 15:23:32 | DEBUG    | DB       |                     | [3.644ms] [rows:0] DELETE FROM auth_analytics_admins WHERE created_at < '2025-10-22 12:23:32.504'
2025-10-23 15:23:32 | DEBUG    | DB       |                     | [4.053ms] [rows:0] DELETE FROM auth_analytics_broker WHERE created_at < '2022-10-24 12:23:32.508'
2025-10-23 15:23:32 | DEBUG    | DB       |                     | [4.116ms] [rows:1] SELECT COUNT(*) FROM auth_analytics_admins
2025-10-23 15:23:32 | DEBUG    | DB       |                     | [3.522ms] [rows:1] SELECT COUNT(*) FROM auth_analytics_broker
2025-10-23 15:23:32 | DEBUG    | DB       |       1761222212406 | [7.777ms] [rows:1] INSERT INTO "auth_tokens" ("user_id","device_id","token","logged_at","updated_at","expires_at","provider") VALUES (1024,4,'d3t1sh1d2u2mhk9mg0dg','2025-10-23 12:23:32.537','2025-10-23 12:23:32.537','2025-10-23 20:23:32.537',NULL) ON CONFLICT ("user_id","device_id") DO UPDATE SET "token"="excluded"."token","expires_at"="excluded"."expires_at","updated_at"="excluded"."updated_at","provider"="excluded"."provider" RETURNING *
2025-10-23 15:23:32 | DEBUG    | DB       |       1761222212406 | [3.324ms] [rows:1] SELECT * FROM "auth_user_roles" WHERE "auth_user_roles"."user_id" = 1024
2025-10-23 15:23:32 | DEBUG    | DB       |       1761222212406 | [8.185ms] [rows:10] SELECT * FROM "auth_permissions" WHERE "auth_permissions"."id" IN (1,2,3,4,5,6,7,8,9,10)
2025-10-23 15:23:32 | DEBUG    | DB       |       1761222212406 | [19.249ms] [rows:10] SELECT * FROM "auth_role_permissions" WHERE "auth_role_permissions"."role_id" = 1
2025-10-23 15:23:32 | DEBUG    | DB       |       1761222212406 | [22.674ms] [rows:1] SELECT * FROM "auth_roles" WHERE "auth_roles"."id" = 1
2025-10-23 15:23:32 | DEBUG    | DB       |       1761222212406 | [33.030ms] [rows:1] SELECT * FROM "auth_users" WHERE id = 1024 ORDER BY "auth_users"."id" LIMIT 1
2025-10-23 15:23:32 | DEBUG    | DB       |       1761222212406 | [6.273ms] [rows:1] SELECT * FROM "auth_profiles" WHERE user_id = 1024 ORDER BY "auth_profiles"."id" LIMIT 1
2025-10-23 15:23:32 | INFO     | HTTP     |       1761222212406 | user_id=1024 |  200 |  200.437208ms |       127.0.0.1 | POST     "/api/v1/auth/login"  ⇢ Request JSON: {"device_id":4,"login":"admin","password":"****"} ⇠ Response JSON: {"accessToken":"****","expires":28800,"refreshToken":"****","token_type":"****","user":{"email":null,"first_name":"Admin","id":1024,"last_name":null,"login":"admin","phone":null,"profile":{"address":"Moscow","age":null,"height":null},"roles":[{"exec":["stream","query-history","auth/users","auth/sessions","auth/analytics","news","auth/roles","configs","tasks","auth/users-blocked"],"id":1,"is_system":true,"name":"SuperAdmin","read":["stream","query-history","auth/users","auth/sessions","auth/analytics","news","auth/roles","configs","tasks","auth/users-blocked"],"write":["stream","query-history","auth/users","auth/sessions","auth/analytics","news","auth/roles","configs","tasks","auth/users-blocked"]}],"second_name":null},"user_id":1024}
2025-10-23 15:23:33 | DEBUG    | DB       |       1761222213163 | [7.279ms] [rows:1] SELECT * FROM "auth_user_roles" WHERE "auth_user_roles"."user_id" = 1024
2025-10-23 15:23:33 | DEBUG    | DB       |       1761222213163 | [6.732ms] [rows:1] SELECT * FROM "auth_roles" WHERE "auth_roles"."id" = 1
2025-10-23 15:23:33 | DEBUG    | DB       |       1761222213163 | [21.784ms] [rows:1] SELECT * FROM "auth_users" WHERE login = 'admin' ORDER BY "auth_users"."id" LIMIT 1
2025-10-23 15:23:33 | DEBUG    | DB       |       1761222213163 | [3.261ms] [rows:0] SELECT * FROM "auth_users_blocked" WHERE user_id = 1024 ORDER BY "auth_users_blocked"."user_id" LIMIT 1
2025-10-23 15:23:33 | DEBUG    | DB       |       1761222213163 | [8.192ms] [rows:1] INSERT INTO "auth_tokens" ("user_id","device_id","token","logged_at","updated_at","expires_at","provider") VALUES (1024,4,'d3t1sh9d2u2mhk9mg0e0','2025-10-23 12:23:33.289','2025-10-23 12:23:33.289','2025-10-23 20:23:33.289',NULL) ON CONFLICT ("user_id","device_id") DO UPDATE SET "token"="excluded"."token","expires_at"="excluded"."expires_at","updated_at"="excluded"."updated_at","provider"="excluded"."provider" RETURNING *
2025-10-23 15:23:33 | DEBUG    | DB       |       1761222213163 | [3.680ms] [rows:1] SELECT * FROM "auth_user_roles" WHERE "auth_user_roles"."user_id" = 1024
2025-10-23 15:23:33 | DEBUG    | DB       |       1761222213163 | [7.358ms] [rows:10] SELECT * FROM "auth_permissions" WHERE "auth_permissions"."id" IN (1,2,3,4,5,6,7,8,9,10)
2025-10-23 15:23:33 | DEBUG    | DB       |       1761222213163 | [14.695ms] [rows:10] SELECT * FROM "auth_role_permissions" WHERE "auth_role_permissions"."role_id" = 1
2025-10-23 15:23:33 | DEBUG    | DB       |       1761222213163 | [18.163ms] [rows:1] SELECT * FROM "auth_roles" WHERE "auth_roles"."id" = 1
2025-10-23 15:23:33 | DEBUG    | DB       |       1761222213163 | [28.384ms] [rows:1] SELECT * FROM "auth_users" WHERE id = 1024 ORDER BY "auth_users"."id" LIMIT 1
2025-10-23 15:23:33 | DEBUG    | DB       |       1761222213163 | [6.344ms] [rows:1] SELECT * FROM "auth_profiles" WHERE user_id = 1024 ORDER BY "auth_profiles"."id" LIMIT 1
2025-10-23 15:23:33 | INFO     | HTTP     |       1761222213163 | user_id=1024 |  200 |  193.440709ms |       127.0.0.1 | POST     "/api/v1/auth/login"  ⇢ Request JSON: {"device_id":4,"login":"admin","password":"****"} ⇠ Response JSON: {"accessToken":"****","expires":28800,"refreshToken":"****","token_type":"****","user":{"email":null,"first_name":"Admin","id":1024,"last_name":null,"login":"admin","phone":null,"profile":{"address":"Moscow","age":null,"height":null},"roles":[{"exec":["stream","query-history","auth/users","auth/sessions","auth/analytics","news","auth/roles","configs","tasks","auth/users-blocked"],"id":1,"is_system":true,"name":"SuperAdmin","read":["stream","query-history","auth/users","auth/sessions","auth/analytics","news","auth/roles","configs","tasks","auth/users-blocked"],"write":["stream","query-history","auth/users","auth/sessions","auth/analytics","news","auth/roles","configs","tasks","auth/users-blocked"]}],"second_name":null},"user_id":1024}
2025-10-23 15:23:33 | DEBUG    | DB       |                     | [3.346ms] [rows:0] DELETE FROM auth_analytics_admins WHERE created_at < '2025-10-22 12:23:33.504'
2025-10-23 15:23:33 | DEBUG    | DB       |                     | [3.224ms] [rows:0] DELETE FROM auth_analytics_broker WHERE created_at < '2022-10-24 12:23:33.507'
2025-10-23 15:23:33 | DEBUG    | DB       |                     | [3.492ms] [rows:1] SELECT COUNT(*) FROM auth_analytics_admins
2025-10-23 15:23:33 | DEBUG    | DB       |                     | [3.464ms] [rows:1] SELECT COUNT(*) FROM auth_analytics_broker
2025-10-23 15:23:34 | DEBUG    | DB       |       1761222214495 | [14.420ms] [rows:6] INSERT INTO "auth_analytics_admins" ("operation_id","path","method","status_code","client_ip","request_body","response_body","created_at","user_id","login","name","error","action") VALUES ('1761222204417','/api/v1/auth/login','POST',200,'127.0.0.1','<binary>','<binary>','2025-10-23 12:23:24.425',1024,'admin','Admin',NULL,'Вход администратора в систему'),('1761222210230','/api/v1/auth/login','POST',200,'127.0.0.1','<binary>','<binary>','2025-10-23 12:23:30.24',1024,'admin','Admin',NULL,'Вход администратора в систему'),('1761222210985','/api/v1/auth/login','POST',200,'127.0.0.1','<binary>','<binary>','2025-10-23 12:23:30.995',1024,'admin','Admin',NULL,'Вход администратора в систему'),('1761222211667','/api/v1/auth/login','POST',200,'127.0.0.1','<binary>','<binary>','2025-10-23 12:23:31.677',1024,'admin','Admin',NULL,'Вход администратора в систему'),('1761222212406','/api/v1/auth/login','POST',200,'127.0.0.1','<binary>','<binary>','2025-10-23 12:23:32.415',1024,'admin','Admin',NULL,'Вход администратора в систему'),('1761222213163','/api/v1/auth/login','POST',200,'127.0.0.1','<binary>','<binary>','2025-10-23 12:23:33.173',1024,'admin','Admin',NULL,'Вход администратора в систему') RETURNING *
2025-10-23 15:23:34 | DEBUG    | DB       |                     | [9.436ms] [rows:0] DELETE FROM auth_analytics_admins WHERE created_at < '2025-10-22 12:23:34.503'
2025-10-23 15:23:34 | DEBUG    | DB       |                     | [3.554ms] [rows:0] DELETE FROM auth_analytics_broker WHERE created_at < '2022-10-24 12:23:34.513'
2025-10-23 15:23:34 | DEBUG    | DB       |                     | [3.988ms] [rows:1] SELECT COUNT(*) FROM auth_analytics_admins
2025-10-23 15:23:34 | DEBUG    | DB       |                     | [4.635ms] [rows:2] DELETE FROM auth_analytics_admins 							WHERE id IN ( 								SELECT id 								FROM auth_analytics_admins 								ORDER BY created_at ASC 								LIMIT 2 						);
2025-10-23 15:23:34 | DEBUG    | DB       |                     | [3.751ms] [rows:1] SELECT COUNT(*) FROM auth_analytics_broker
2025-10-23 15:23:35 | DEBUG    | DB       |                     | [22.410ms] [rows:0] DELETE FROM auth_analytics_admins WHERE created_at < '2025-10-22 12:23:35.504'
2025-10-23 15:23:35 | DEBUG    | DB       |                     | [4.265ms] [rows:0] DELETE FROM auth_analytics_broker WHERE created_at < '2022-10-24 12:23:35.526'
2025-10-23 15:23:35 | DEBUG    | DB       |                     | [4.273ms] [rows:1] SELECT COUNT(*) FROM auth_analytics_admins
2025-10-23 15:23:35 | DEBUG    | DB       |                     | [4.758ms] [rows:2] DELETE FROM auth_analytics_admins 							WHERE id IN ( 								SELECT id 								FROM auth_analytics_admins 								ORDER BY created_at ASC 								LIMIT 2 						);
2025-10-23 15:23:35 | DEBUG    | DB       |                     | [7.531ms] [rows:1] SELECT COUNT(*) FROM auth_analytics_broker
2025-10-23 15:23:36 | DEBUG    | DB       |                     | [4.310ms] [rows:0] DELETE FROM auth_analytics_admins WHERE created_at < '2025-10-22 12:23:36.504'
2025-10-23 15:23:36 | DEBUG    | DB       |                     | [3.623ms] [rows:0] DELETE FROM auth_analytics_broker WHERE created_at < '2022-10-24 12:23:36.508'
2025-10-23 15:23:36 | DEBUG    | DB       |                     | [4.051ms] [rows:1] SELECT COUNT(*) FROM auth_analytics_admins
2025-10-23 15:23:36 | DEBUG    | DB       |                     | [4.586ms] [rows:2] DELETE FROM auth_analytics_admins 							WHERE id IN ( 								SELECT id 								FROM auth_analytics_admins 								ORDER BY created_at ASC 								LIMIT 2 						);
2025-10-23 15:23:36 | DEBUG    | DB       |                     | [3.392ms] [rows:1] SELECT COUNT(*) FROM auth_analytics_broker
2025-10-23 15:23:37 | DEBUG    | DB       |                     | [11.554ms] [rows:0] DELETE FROM auth_analytics_admins WHERE created_at < '2025-10-22 12:23:37.503'
2025-10-23 15:23:37 | DEBUG    | DB       |                     | [4.336ms] [rows:0] DELETE FROM auth_analytics_broker WHERE created_at < '2022-10-24 12:23:37.515'
2025-10-23 15:23:37 | DEBUG    | DB       |                     | [7.619ms] [rows:1] SELECT COUNT(*) FROM auth_analytics_admins
2025-10-23 15:23:37 | DEBUG    | DB       |                     | [3.989ms] [rows:1] SELECT COUNT(*) FROM auth_analytics_broker
2025-10-23 15:23:38 | DEBUG    | DB       |                     | [5.519ms] [rows:0] DELETE FROM auth_analytics_admins WHERE created_at < '2025-10-22 12:23:38.504'
2025-10-23 15:23:38 | DEBUG    | DB       |                     | [4.475ms] [rows:0] DELETE FROM auth_analytics_broker WHERE created_at < '2022-10-24 12:23:38.51'
2025-10-23 15:23:38 | DEBUG    | DB       |                     | [3.713ms] [rows:1] SELECT COUNT(*) FROM auth_analytics_admins
2025-10-23 15:23:38 | DEBUG    | DB       |                     | [4.173ms] [rows:1] SELECT COUNT(*) FROM auth_analytics_broker
2025-10-23 15:23:39 | DEBUG    | DB       |                     | [9.382ms] [rows:0] DELETE FROM auth_analytics_admins WHERE created_at < '2025-10-22 12:23:39.503'
2025-10-23 15:23:39 | DEBUG    | DB       |                     | [4.556ms] [rows:0] DELETE FROM auth_analytics_broker WHERE created_at < '2022-10-24 12:23:39.513'
2025-10-23 15:23:39 | DEBUG    | DB       |                     | [4.841ms] [rows:1] SELECT COUNT(*) FROM auth_analytics_admins
2025-10-23 15:23:39 | DEBUG    | DB       |                     | [4.905ms] [rows:1] SELECT COUNT(*) FROM auth_analytics_broker
2025-10-23 15:23:40 | DEBUG    | DB       |                     | [3.562ms] [rows:0] DELETE FROM auth_analytics_admins WHERE created_at < '2025-10-22 12:23:40.504'
2025-10-23 15:23:40 | DEBUG    | DB       |                     | [3.628ms] [rows:0] DELETE FROM auth_analytics_broker WHERE created_at < '2022-10-24 12:23:40.508'
2025-10-23 15:23:40 | DEBUG    | DB       |                     | [4.213ms] [rows:1] SELECT COUNT(*) FROM auth_analytics_admins
2025-10-23 15:23:40 | DEBUG    | DB       |                     | [3.739ms] [rows:1] SELECT COUNT(*) FROM auth_analytics_broker
2025-10-23 15:23:41 | DEBUG    | DB       |                     | [9.059ms] [rows:0] DELETE FROM auth_analytics_admins WHERE created_at < '2025-10-22 12:23:41.504'
2025-10-23 15:23:41 | DEBUG    | DB       |                     | [3.439ms] [rows:0] DELETE FROM auth_analytics_broker WHERE created_at < '2022-10-24 12:23:41.513'
2025-10-23 15:23:41 | DEBUG    | DB       |                     | [3.542ms] [rows:1] SELECT COUNT(*) FROM auth_analytics_admins
2025-10-23 15:23:41 | DEBUG    | DB       |                     | [3.403ms] [rows:1] SELECT COUNT(*) FROM auth_analytics_broker
2025-10-23 15:23:42 | DEBUG    | DB       |                     | [5.534ms] [rows:0] DELETE FROM auth_analytics_admins WHERE created_at < '2025-10-22 12:23:42.504'
2025-10-23 15:23:42 | DEBUG    | DB       |                     | [3.247ms] [rows:0] DELETE FROM auth_analytics_broker WHERE created_at < '2022-10-24 12:23:42.51'
2025-10-23 15:23:42 | DEBUG    | DB       |                     | [3.745ms] [rows:1] SELECT COUNT(*) FROM auth_analytics_admins
2025-10-23 15:23:42 | DEBUG    | DB       |                     | [4.434ms] [rows:1] SELECT COUNT(*) FROM auth_analytics_broker
2025-10-23 15:23:43 | DEBUG    | DB       |                     | [3.530ms] [rows:0] DELETE FROM auth_analytics_admins WHERE created_at < '2025-10-22 12:23:43.503'
2025-10-23 15:23:43 | DEBUG    | DB       |                     | [3.472ms] [rows:0] DELETE FROM auth_analytics_broker WHERE created_at < '2022-10-24 12:23:43.507'
2025-10-23 15:23:43 | DEBUG    | DB       |                     | [3.132ms] [rows:1] SELECT COUNT(*) FROM auth_analytics_admins
2025-10-23 15:23:43 | DEBUG    | DB       |                     | [3.555ms] [rows:1] SELECT COUNT(*) FROM auth_analytics_broker
2025-10-23 15:23:44 | DEBUG    | DB       |                     | [5.354ms] [rows:0] DELETE FROM auth_analytics_admins WHERE created_at < '2025-10-22 12:23:44.504'
2025-10-23 15:23:44 | DEBUG    | DB       |                     | [4.036ms] [rows:0] DELETE FROM auth_analytics_broker WHERE created_at < '2022-10-24 12:23:44.509'
2025-10-23 15:23:44 | DEBUG    | DB       |                     | [3.293ms] [rows:1] SELECT COUNT(*) FROM auth_analytics_admins
2025-10-23 15:23:44 | DEBUG    | DB       |                     | [3.672ms] [rows:1] SELECT COUNT(*) FROM auth_analytics_broker
2025-10-23 15:23:45 | DEBUG    | DB       |                     | [18.750ms] [rows:0] DELETE FROM auth_analytics_admins WHERE created_at < '2025-10-22 12:23:45.504'
2025-10-23 15:23:45 | DEBUG    | DB       |                     | [6.712ms] [rows:0] DELETE FROM auth_analytics_broker WHERE created_at < '2022-10-24 12:23:45.523'
2025-10-23 15:23:45 | DEBUG    | DB       |                     | [8.129ms] [rows:1] SELECT COUNT(*) FROM auth_analytics_admins
2025-10-23 15:23:45 | DEBUG    | DB       |                     | [15.934ms] [rows:1] SELECT COUNT(*) FROM auth_analytics_broker
2025-10-23 15:23:46 | DEBUG    | DB       |                     | [8.581ms] [rows:0] DELETE FROM auth_analytics_admins WHERE created_at < '2025-10-22 12:23:46.504'
2025-10-23 15:23:46 | DEBUG    | DB       |                     | [3.112ms] [rows:0] DELETE FROM auth_analytics_broker WHERE created_at < '2022-10-24 12:23:46.512'
2025-10-23 15:23:46 | DEBUG    | DB       |                     | [5.659ms] [rows:1] SELECT COUNT(*) FROM auth_analytics_admins
2025-10-23 15:23:46 | DEBUG    | DB       |                     | [2.946ms] [rows:1] SELECT COUNT(*) FROM auth_analytics_broker
2025-10-23 15:23:47 | DEBUG    | DB       |                     | [9.178ms] [rows:0] DELETE FROM auth_analytics_admins WHERE created_at < '2025-10-22 12:23:47.503'
2025-10-23 15:23:47 | DEBUG    | DB       |                     | [4.148ms] [rows:0] DELETE FROM auth_analytics_broker WHERE created_at < '2022-10-24 12:23:47.513'
2025-10-23 15:23:47 | DEBUG    | DB       |                     | [4.493ms] [rows:1] SELECT COUNT(*) FROM auth_analytics_admins
2025-10-23 15:23:47 | DEBUG    | DB       |                     | [4.099ms] [rows:1] SELECT COUNT(*) FROM auth_analytics_broker
2025-10-23 15:23:48 | DEBUG    | DB       |                     | [8.757ms] [rows:0] DELETE FROM auth_analytics_admins WHERE created_at < '2025-10-22 12:23:48.504'
2025-10-23 15:23:48 | DEBUG    | DB       |                     | [3.010ms] [rows:0] DELETE FROM auth_analytics_broker WHERE created_at < '2022-10-24 12:23:48.513'
2025-10-23 15:23:48 | DEBUG    | DB       |                     | [3.843ms] [rows:1] SELECT COUNT(*) FROM auth_analytics_admins
2025-10-23 15:23:48 | DEBUG    | DB       |                     | [2.877ms] [rows:1] SELECT COUNT(*) FROM auth_analytics_broker
2025-10-23 15:23:49 | DEBUG    | DB       |                     | [3.932ms] [rows:0] DELETE FROM auth_analytics_admins WHERE created_at < '2025-10-22 12:23:49.504'
2025-10-23 15:23:49 | DEBUG    | DB       |                     | [5.657ms] [rows:0] DELETE FROM auth_analytics_broker WHERE created_at < '2022-10-24 12:23:49.508'
2025-10-23 15:23:49 | DEBUG    | DB       |                     | [3.661ms] [rows:1] SELECT COUNT(*) FROM auth_analytics_admins
2025-10-23 15:23:49 | DEBUG    | DB       |                     | [2.793ms] [rows:1] SELECT COUNT(*) FROM auth_analytics_broker
2025-10-23 15:23:49 | DEBUG    | DB       |       1761222229606 | [7.693ms] [rows:1] SELECT * FROM "auth_user_roles" WHERE "auth_user_roles"."user_id" = 1024
2025-10-23 15:23:49 | DEBUG    | DB       |       1761222229606 | [7.632ms] [rows:1] SELECT * FROM "auth_roles" WHERE "auth_roles"."id" = 1
2025-10-23 15:23:49 | DEBUG    | DB       |       1761222229606 | [25.071ms] [rows:1] SELECT * FROM "auth_users" WHERE login = 'admin' ORDER BY "auth_users"."id" LIMIT 1
2025-10-23 15:23:49 | DEBUG    | DB       |       1761222229606 | [12.402ms] [rows:0] SELECT * FROM "auth_users_blocked" WHERE user_id = 1024 ORDER BY "auth_users_blocked"."user_id" LIMIT 1
2025-10-23 15:23:49 | DEBUG    | DB       |       1761222229606 | [9.779ms] [rows:1] INSERT INTO "auth_tokens" ("user_id","device_id","token","logged_at","updated_at","expires_at","provider") VALUES (1024,4,'d3t1sl9d2u2mhk9mg0eg','2025-10-23 12:23:49.749','2025-10-23 12:23:49.749','2025-10-23 20:23:49.749',NULL) ON CONFLICT ("user_id","device_id") DO UPDATE SET "token"="excluded"."token","expires_at"="excluded"."expires_at","updated_at"="excluded"."updated_at","provider"="excluded"."provider" RETURNING *
2025-10-23 15:23:49 | DEBUG    | DB       |       1761222229606 | [3.513ms] [rows:1] SELECT * FROM "auth_user_roles" WHERE "auth_user_roles"."user_id" = 1024
2025-10-23 15:23:49 | DEBUG    | DB       |       1761222229606 | [10.207ms] [rows:10] SELECT * FROM "auth_permissions" WHERE "auth_permissions"."id" IN (1,2,3,4,5,6,7,8,9,10)
2025-10-23 15:23:49 | DEBUG    | DB       |       1761222229606 | [18.218ms] [rows:10] SELECT * FROM "auth_role_permissions" WHERE "auth_role_permissions"."role_id" = 1
2025-10-23 15:23:49 | DEBUG    | DB       |       1761222229606 | [21.968ms] [rows:1] SELECT * FROM "auth_roles" WHERE "auth_roles"."id" = 1
2025-10-23 15:23:49 | DEBUG    | DB       |       1761222229606 | [32.717ms] [rows:1] SELECT * FROM "auth_users" WHERE id = 1024 ORDER BY "auth_users"."id" LIMIT 1
2025-10-23 15:23:49 | DEBUG    | DB       |       1761222229606 | [9.745ms] [rows:1] SELECT * FROM "auth_profiles" WHERE user_id = 1024 ORDER BY "auth_profiles"."id" LIMIT 1
2025-10-23 15:23:49 | INFO     | HTTP     |       1761222229606 | user_id=1024 |  200 |  224.297958ms |       127.0.0.1 | POST     "/api/v1/auth/login"  ⇢ Request JSON: {"device_id":4,"login":"admin","password":"****"} ⇠ Response JSON: {"accessToken":"****","expires":28800,"refreshToken":"****","token_type":"****","user":{"email":null,"first_name":"Admin","id":1024,"last_name":null,"login":"admin","phone":null,"profile":{"address":"Moscow","age":null,"height":null},"roles":[{"exec":["stream","query-history","auth/users","auth/sessions","auth/analytics","news","auth/roles","configs","tasks","auth/users-blocked"],"id":1,"is_system":true,"name":"SuperAdmin","read":["stream","query-history","auth/users","auth/sessions","auth/analytics","news","auth/roles","configs","tasks","auth/users-blocked"],"write":["stream","query-history","auth/users","auth/sessions","auth/analytics","news","auth/roles","configs","tasks","auth/users-blocked"]}],"second_name":null},"user_id":1024}
2025-10-23 15:23:50 | DEBUG    | DB       |       1761222230431 | [7.614ms] [rows:1] SELECT * FROM "auth_user_roles" WHERE "auth_user_roles"."user_id" = 1024
2025-10-23 15:23:50 | DEBUG    | DB       |       1761222230431 | [9.950ms] [rows:1] SELECT * FROM "auth_roles" WHERE "auth_roles"."id" = 1
2025-10-23 15:23:50 | DEBUG    | DB       |       1761222230431 | [27.697ms] [rows:1] SELECT * FROM "auth_users" WHERE login = 'admin' ORDER BY "auth_users"."id" LIMIT 1
2025-10-23 15:23:50 | DEBUG    | DB       |       1761222230431 | [3.575ms] [rows:0] SELECT * FROM "auth_users_blocked" WHERE user_id = 1024 ORDER BY "auth_users_blocked"."user_id" LIMIT 1
2025-10-23 15:23:50 | DEBUG    | DB       |                     | [3.197ms] [rows:0] DELETE FROM auth_analytics_admins WHERE created_at < '2025-10-22 12:23:50.503'
2025-10-23 15:23:50 | DEBUG    | DB       |                     | [5.263ms] [rows:0] DELETE FROM auth_analytics_broker WHERE created_at < '2022-10-24 12:23:50.507'
2025-10-23 15:23:50 | DEBUG    | DB       |                     | [3.084ms] [rows:1] SELECT COUNT(*) FROM auth_analytics_admins
2025-10-23 15:23:50 | DEBUG    | DB       |                     | [3.442ms] [rows:1] SELECT COUNT(*) FROM auth_analytics_broker
2025-10-23 15:23:50 | DEBUG    | DB       |       1761222230431 | [10.268ms] [rows:1] INSERT INTO "auth_tokens" ("user_id","device_id","token","logged_at","updated_at","expires_at","provider") VALUES (1024,4,'d3t1slhd2u2mhk9mg0f0','2025-10-23 12:23:50.56','2025-10-23 12:23:50.56','2025-10-23 20:23:50.56',NULL) ON CONFLICT ("user_id","device_id") DO UPDATE SET "token"="excluded"."token","expires_at"="excluded"."expires_at","updated_at"="excluded"."updated_at","provider"="excluded"."provider" RETURNING *
2025-10-23 15:23:50 | DEBUG    | DB       |       1761222230431 | [3.904ms] [rows:1] SELECT * FROM "auth_user_roles" WHERE "auth_user_roles"."user_id" = 1024
2025-10-23 15:23:50 | DEBUG    | DB       |       1761222230431 | [8.058ms] [rows:10] SELECT * FROM "auth_permissions" WHERE "auth_permissions"."id" IN (1,2,3,4,5,6,7,8,9,10)
2025-10-23 15:23:50 | DEBUG    | DB       |       1761222230431 | [15.535ms] [rows:10] SELECT * FROM "auth_role_permissions" WHERE "auth_role_permissions"."role_id" = 1
2025-10-23 15:23:50 | DEBUG    | DB       |       1761222230431 | [18.870ms] [rows:1] SELECT * FROM "auth_roles" WHERE "auth_roles"."id" = 1
2025-10-23 15:23:50 | DEBUG    | DB       |       1761222230431 | [29.980ms] [rows:1] SELECT * FROM "auth_users" WHERE id = 1024 ORDER BY "auth_users"."id" LIMIT 1
2025-10-23 15:23:50 | DEBUG    | DB       |       1761222230431 | [7.582ms] [rows:1] SELECT * FROM "auth_profiles" WHERE user_id = 1024 ORDER BY "auth_profiles"."id" LIMIT 1
2025-10-23 15:23:50 | INFO     | HTTP     |       1761222230431 | user_id=1024 |  200 |   210.27575ms |       127.0.0.1 | POST     "/api/v1/auth/login"  ⇢ Request JSON: {"device_id":4,"login":"admin","password":"****"} ⇠ Response JSON: {"accessToken":"****","expires":28800,"refreshToken":"****","token_type":"****","user":{"email":null,"first_name":"Admin","id":1024,"last_name":null,"login":"admin","phone":null,"profile":{"address":"Moscow","age":null,"height":null},"roles":[{"exec":["stream","query-history","auth/users","auth/sessions","auth/analytics","news","auth/roles","configs","tasks","auth/users-blocked"],"id":1,"is_system":true,"name":"SuperAdmin","read":["stream","query-history","auth/users","auth/sessions","auth/analytics","news","auth/roles","configs","tasks","auth/users-blocked"],"write":["stream","query-history","auth/users","auth/sessions","auth/analytics","news","auth/roles","configs","tasks","auth/users-blocked"]}],"second_name":null},"user_id":1024}
2025-10-23 15:23:51 | DEBUG    | DB       |       1761222231216 | [6.934ms] [rows:1] SELECT * FROM "auth_user_roles" WHERE "auth_user_roles"."user_id" = 1024
2025-10-23 15:23:51 | DEBUG    | DB       |       1761222231216 | [10.449ms] [rows:1] SELECT * FROM "auth_roles" WHERE "auth_roles"."id" = 1
2025-10-23 15:23:51 | DEBUG    | DB       |       1761222231216 | [25.428ms] [rows:1] SELECT * FROM "auth_users" WHERE login = 'admin' ORDER BY "auth_users"."id" LIMIT 1
2025-10-23 15:23:51 | DEBUG    | DB       |       1761222231216 | [4.339ms] [rows:0] SELECT * FROM "auth_users_blocked" WHERE user_id = 1024 ORDER BY "auth_users_blocked"."user_id" LIMIT 1
2025-10-23 15:23:51 | DEBUG    | DB       |       1761222231216 | [9.424ms] [rows:1] INSERT INTO "auth_tokens" ("user_id","device_id","token","logged_at","updated_at","expires_at","provider") VALUES (1024,4,'d3t1slpd2u2mhk9mg0fg','2025-10-23 12:23:51.343','2025-10-23 12:23:51.343','2025-10-23 20:23:51.343',NULL) ON CONFLICT ("user_id","device_id") DO UPDATE SET "token"="excluded"."token","expires_at"="excluded"."expires_at","updated_at"="excluded"."updated_at","provider"="excluded"."provider" RETURNING *
2025-10-23 15:23:51 | DEBUG    | DB       |       1761222231216 | [4.052ms] [rows:1] SELECT * FROM "auth_user_roles" WHERE "auth_user_roles"."user_id" = 1024
2025-10-23 15:23:51 | DEBUG    | DB       |       1761222231216 | [7.433ms] [rows:10] SELECT * FROM "auth_permissions" WHERE "auth_permissions"."id" IN (1,2,3,4,5,6,7,8,9,10)
2025-10-23 15:23:51 | DEBUG    | DB       |       1761222231216 | [15.403ms] [rows:10] SELECT * FROM "auth_role_permissions" WHERE "auth_role_permissions"."role_id" = 1
2025-10-23 15:23:51 | DEBUG    | DB       |       1761222231216 | [19.037ms] [rows:1] SELECT * FROM "auth_roles" WHERE "auth_roles"."id" = 1
2025-10-23 15:23:51 | DEBUG    | DB       |       1761222231216 | [33.843ms] [rows:1] SELECT * FROM "auth_users" WHERE id = 1024 ORDER BY "auth_users"."id" LIMIT 1
2025-10-23 15:23:51 | DEBUG    | DB       |       1761222231216 | [8.423ms] [rows:1] SELECT * FROM "auth_profiles" WHERE user_id = 1024 ORDER BY "auth_profiles"."id" LIMIT 1
2025-10-23 15:23:51 | INFO     | HTTP     |       1761222231216 | user_id=1024 |  200 |  206.365042ms |       127.0.0.1 | POST     "/api/v1/auth/login"  ⇢ Request JSON: {"device_id":4,"login":"admin","password":"****"} ⇠ Response JSON: {"accessToken":"****","expires":28800,"refreshToken":"****","token_type":"****","user":{"email":null,"first_name":"Admin","id":1024,"last_name":null,"login":"admin","phone":null,"profile":{"address":"Moscow","age":null,"height":null},"roles":[{"exec":["stream","query-history","auth/users","auth/sessions","auth/analytics","news","auth/roles","configs","tasks","auth/users-blocked"],"id":1,"is_system":true,"name":"SuperAdmin","read":["stream","query-history","auth/users","auth/sessions","auth/analytics","news","auth/roles","configs","tasks","auth/users-blocked"],"write":["stream","query-history","auth/users","auth/sessions","auth/analytics","news","auth/roles","configs","tasks","auth/users-blocked"]}],"second_name":null},"user_id":1024}
2025-10-23 15:23:51 | DEBUG    | DB       |                     | [3.076ms] [rows:0] DELETE FROM auth_analytics_admins WHERE created_at < '2025-10-22 12:23:51.503'
2025-10-23 15:23:51 | DEBUG    | DB       |                     | [3.288ms] [rows:0] DELETE FROM auth_analytics_broker WHERE created_at < '2022-10-24 12:23:51.507'
2025-10-23 15:23:51 | DEBUG    | DB       |                     | [3.193ms] [rows:1] SELECT COUNT(*) FROM auth_analytics_admins
2025-10-23 15:23:51 | DEBUG    | DB       |                     | [3.588ms] [rows:1] SELECT COUNT(*) FROM auth_analytics_broker
2025-10-23 15:23:52 | DEBUG    | DB       |                     | [3.949ms] [rows:0] DELETE FROM auth_analytics_admins WHERE created_at < '2025-10-22 12:23:52.504'
2025-10-23 15:23:52 | DEBUG    | DB       |                     | [3.821ms] [rows:0] DELETE FROM auth_analytics_broker WHERE created_at < '2022-10-24 12:23:52.508'
2025-10-23 15:23:52 | DEBUG    | DB       |                     | [2.714ms] [rows:1] SELECT COUNT(*) FROM auth_analytics_admins
2025-10-23 15:23:52 | DEBUG    | DB       |                     | [3.965ms] [rows:1] SELECT COUNT(*) FROM auth_analytics_broker
2025-10-23 15:23:53 | DEBUG    | DB       |                     | [8.221ms] [rows:0] DELETE FROM auth_analytics_admins WHERE created_at < '2025-10-22 12:23:53.504'
2025-10-23 15:23:53 | DEBUG    | DB       |                     | [2.579ms] [rows:0] DELETE FROM auth_analytics_broker WHERE created_at < '2022-10-24 12:23:53.512'
2025-10-23 15:23:53 | DEBUG    | DB       |                     | [3.545ms] [rows:1] SELECT COUNT(*) FROM auth_analytics_admins
2025-10-23 15:23:53 | DEBUG    | DB       |                     | [4.085ms] [rows:1] SELECT COUNT(*) FROM auth_analytics_broker
2025-10-23 15:23:54 | DEBUG    | DB       |                     | [9.806ms] [rows:0] DELETE FROM auth_analytics_admins WHERE created_at < '2025-10-22 12:23:54.504'
2025-10-23 15:23:54 | DEBUG    | DB       |       1761222234496 | [18.418ms] [rows:3] INSERT INTO "auth_analytics_admins" ("operation_id","path","method","status_code","client_ip","request_body","response_body","created_at","user_id","login","name","error","action") VALUES ('1761222229606','/api/v1/auth/login','POST',200,'127.0.0.1','<binary>','<binary>','2025-10-23 12:23:49.616',1024,'admin','Admin',NULL,'Вход администратора в систему'),('1761222230431','/api/v1/auth/login','POST',200,'127.0.0.1','<binary>','<binary>','2025-10-23 12:23:50.44',1024,'admin','Admin',NULL,'Вход администратора в систему'),('1761222231216','/api/v1/auth/login','POST',200,'127.0.0.1','<binary>','<binary>','2025-10-23 12:23:51.225',1024,'admin','Admin',NULL,'Вход администратора в систему') RETURNING *
2025-10-23 15:23:54 | DEBUG    | DB       |                     | [4.375ms] [rows:0] DELETE FROM auth_analytics_broker WHERE created_at < '2022-10-24 12:23:54.514'
2025-10-23 15:23:54 | DEBUG    | DB       |                     | [4.132ms] [rows:1] SELECT COUNT(*) FROM auth_analytics_admins
2025-10-23 15:23:54 | DEBUG    | DB       |                     | [5.066ms] [rows:2] DELETE FROM auth_analytics_admins 							WHERE id IN ( 								SELECT id 								FROM auth_analytics_admins 								ORDER BY created_at ASC 								LIMIT 2 						);
2025-10-23 15:23:54 | DEBUG    | DB       |                     | [3.553ms] [rows:1] SELECT COUNT(*) FROM auth_analytics_broker
2025-10-23 15:23:55 | DEBUG    | DB       |                     | [3.775ms] [rows:0] DELETE FROM auth_analytics_admins WHERE created_at < '2025-10-22 12:23:55.503'
2025-10-23 15:23:55 | DEBUG    | DB       |                     | [3.083ms] [rows:0] DELETE FROM auth_analytics_broker WHERE created_at < '2022-10-24 12:23:55.507'
2025-10-23 15:23:55 | DEBUG    | DB       |                     | [2.949ms] [rows:1] SELECT COUNT(*) FROM auth_analytics_admins
2025-10-23 15:23:55 | DEBUG    | DB       |                     | [5.315ms] [rows:1] SELECT COUNT(*) FROM auth_analytics_broker
2025-10-23 15:23:56 | DEBUG    | DB       |                     | [8.035ms] [rows:0] DELETE FROM auth_analytics_admins WHERE created_at < '2025-10-22 12:23:56.504'
2025-10-23 15:23:56 | DEBUG    | DB       |                     | [3.880ms] [rows:0] DELETE FROM auth_analytics_broker WHERE created_at < '2022-10-24 12:23:56.513'
2025-10-23 15:23:56 | DEBUG    | DB       |                     | [4.044ms] [rows:1] SELECT COUNT(*) FROM auth_analytics_admins
2025-10-23 15:23:56 | DEBUG    | DB       |                     | [3.855ms] [rows:1] SELECT COUNT(*) FROM auth_analytics_broker
2025-10-23 15:23:57 | DEBUG    | DB       |                     | [8.943ms] [rows:0] DELETE FROM auth_analytics_admins WHERE created_at < '2025-10-22 12:23:57.504'
2025-10-23 15:23:57 | DEBUG    | DB       |                     | [3.084ms] [rows:0] DELETE FROM auth_analytics_broker WHERE created_at < '2022-10-24 12:23:57.514'
2025-10-23 15:23:57 | DEBUG    | DB       |                     | [3.646ms] [rows:1] SELECT COUNT(*) FROM auth_analytics_admins
2025-10-23 15:23:57 | DEBUG    | DB       |                     | [2.845ms] [rows:1] SELECT COUNT(*) FROM auth_analytics_broker
2025-10-23 15:23:58 | DEBUG    | DB       |                     | [4.968ms] [rows:0] DELETE FROM auth_analytics_admins WHERE created_at < '2025-10-22 12:23:58.503'
2025-10-23 15:23:58 | DEBUG    | DB       |                     | [4.177ms] [rows:0] DELETE FROM auth_analytics_broker WHERE created_at < '2022-10-24 12:23:58.509'
2025-10-23 15:23:58 | DEBUG    | DB       |                     | [3.500ms] [rows:1] SELECT COUNT(*) FROM auth_analytics_admins
2025-10-23 15:23:58 | DEBUG    | DB       |                     | [6.705ms] [rows:1] SELECT COUNT(*) FROM auth_analytics_broker
2025-10-23 15:23:59 | DEBUG    | DB       |                     | [5.210ms] [rows:0] DELETE FROM auth_analytics_admins WHERE created_at < '2025-10-22 12:23:59.504'
2025-10-23 15:23:59 | DEBUG    | DB       |                     | [3.445ms] [rows:0] DELETE FROM auth_analytics_broker WHERE created_at < '2022-10-24 12:23:59.509'
2025-10-23 15:23:59 | DEBUG    | DB       |                     | [5.055ms] [rows:1] SELECT COUNT(*) FROM auth_analytics_admins
2025-10-23 15:23:59 | DEBUG    | DB       |                     | [4.721ms] [rows:1] SELECT COUNT(*) FROM auth_analytics_broker
2025-10-23 15:24:00 | DEBUG    | DB       |                     | [10.776ms] [rows:0] DELETE FROM auth_analytics_admins WHERE created_at < '2025-10-22 12:24:00.503'
2025-10-23 15:24:00 | DEBUG    | DB       |                     | [3.783ms] [rows:0] DELETE FROM auth_analytics_broker WHERE created_at < '2022-10-24 12:24:00.515'
2025-10-23 15:24:00 | DEBUG    | DB       |                     | [5.156ms] [rows:1] SELECT COUNT(*) FROM auth_analytics_admins
2025-10-23 15:24:00 | DEBUG    | DB       |                     | [3.271ms] [rows:1] SELECT COUNT(*) FROM auth_analytics_broker
2025-10-23 15:24:01 | DEBUG    | DB       |       1761222241102 | [8.554ms] [rows:1] SELECT * FROM "auth_user_roles" WHERE "auth_user_roles"."user_id" = 1024
2025-10-23 15:24:01 | DEBUG    | DB       |       1761222241102 | [9.914ms] [rows:1] SELECT * FROM "auth_roles" WHERE "auth_roles"."id" = 1
2025-10-23 15:24:01 | DEBUG    | DB       |       1761222241102 | [27.940ms] [rows:1] SELECT * FROM "auth_users" WHERE login = 'admin' ORDER BY "auth_users"."id" LIMIT 1
2025-10-23 15:24:01 | DEBUG    | DB       |       1761222241102 | [8.831ms] [rows:0] SELECT * FROM "auth_users_blocked" WHERE user_id = 1024 ORDER BY "auth_users_blocked"."user_id" LIMIT 1
2025-10-23 15:24:01 | DEBUG    | DB       |       1761222241102 | [8.208ms] [rows:1] INSERT INTO "auth_tokens" ("user_id","device_id","token","logged_at","updated_at","expires_at","provider") VALUES (1024,4,'d3t1so9d2u2mhk9mg0g0','2025-10-23 12:24:01.218','2025-10-23 12:24:01.218','2025-10-23 20:24:01.218',NULL) ON CONFLICT ("user_id","device_id") DO UPDATE SET "token"="excluded"."token","expires_at"="excluded"."expires_at","updated_at"="excluded"."updated_at","provider"="excluded"."provider" RETURNING *
2025-10-23 15:24:01 | DEBUG    | DB       |       1761222241102 | [4.566ms] [rows:1] SELECT * FROM "auth_user_roles" WHERE "auth_user_roles"."user_id" = 1024
2025-10-23 15:24:01 | DEBUG    | DB       |       1761222241102 | [7.557ms] [rows:10] SELECT * FROM "auth_permissions" WHERE "auth_permissions"."id" IN (1,2,3,4,5,6,7,8,9,10)
2025-10-23 15:24:01 | DEBUG    | DB       |       1761222241102 | [14.888ms] [rows:10] SELECT * FROM "auth_role_permissions" WHERE "auth_role_permissions"."role_id" = 1
2025-10-23 15:24:01 | DEBUG    | DB       |       1761222241102 | [18.134ms] [rows:1] SELECT * FROM "auth_roles" WHERE "auth_roles"."id" = 1
2025-10-23 15:24:01 | DEBUG    | DB       |       1761222241102 | [29.537ms] [rows:1] SELECT * FROM "auth_users" WHERE id = 1024 ORDER BY "auth_users"."id" LIMIT 1
2025-10-23 15:24:01 | DEBUG    | DB       |       1761222241102 | [7.042ms] [rows:1] SELECT * FROM "auth_profiles" WHERE user_id = 1024 ORDER BY "auth_profiles"."id" LIMIT 1
2025-10-23 15:24:01 | INFO     | HTTP     |       1761222241102 | user_id=1024 |  200 |  189.105959ms |       127.0.0.1 | POST     "/api/v1/auth/login"  ⇢ Request JSON: {"device_id":4,"login":"admin","password":"****"} ⇠ Response JSON: {"accessToken":"****","expires":28800,"refreshToken":"****","token_type":"****","user":{"email":null,"first_name":"Admin","id":1024,"last_name":null,"login":"admin","phone":null,"profile":{"address":"Moscow","age":null,"height":null},"roles":[{"exec":["stream","query-history","auth/users","auth/sessions","auth/analytics","news","auth/roles","configs","tasks","auth/users-blocked"],"id":1,"is_system":true,"name":"SuperAdmin","read":["stream","query-history","auth/users","auth/sessions","auth/analytics","news","auth/roles","configs","tasks","auth/users-blocked"],"write":["stream","query-history","auth/users","auth/sessions","auth/analytics","news","auth/roles","configs","tasks","auth/users-blocked"]}],"second_name":null},"user_id":1024}
2025-10-23 15:24:01 | DEBUG    | DB       |                     | [3.157ms] [rows:0] DELETE FROM auth_analytics_admins WHERE created_at < '2025-10-22 12:24:01.504'
2025-10-23 15:24:01 | DEBUG    | DB       |                     | [3.233ms] [rows:0] DELETE FROM auth_analytics_broker WHERE created_at < '2022-10-24 12:24:01.507'
2025-10-23 15:24:01 | DEBUG    | DB       |                     | [3.500ms] [rows:1] SELECT COUNT(*) FROM auth_analytics_admins
2025-10-23 15:24:01 | DEBUG    | DB       |                     | [3.354ms] [rows:1] SELECT COUNT(*) FROM auth_analytics_broker
2025-10-23 15:24:02 | DEBUG    | DB       |                     | [4.178ms] [rows:0] DELETE FROM auth_analytics_admins WHERE created_at < '2025-10-22 12:24:02.504'
2025-10-23 15:24:02 | DEBUG    | DB       |                     | [3.336ms] [rows:0] DELETE FROM auth_analytics_broker WHERE created_at < '2022-10-24 12:24:02.509'
2025-10-23 15:24:02 | DEBUG    | DB       |                     | [3.731ms] [rows:1] SELECT COUNT(*) FROM auth_analytics_admins
2025-10-23 15:24:02 | DEBUG    | DB       |                     | [8.209ms] [rows:1] SELECT COUNT(*) FROM auth_analytics_broker
2025-10-23 15:24:03 | DEBUG    | DB       |                     | [4.468ms] [rows:0] DELETE FROM auth_analytics_admins WHERE created_at < '2025-10-22 12:24:03.503'
2025-10-23 15:24:03 | DEBUG    | DB       |                     | [4.260ms] [rows:0] DELETE FROM auth_analytics_broker WHERE created_at < '2022-10-24 12:24:03.508'
2025-10-23 15:24:03 | DEBUG    | DB       |                     | [5.853ms] [rows:1] SELECT COUNT(*) FROM auth_analytics_admins
2025-10-23 15:24:03 | DEBUG    | DB       |                     | [4.342ms] [rows:1] SELECT COUNT(*) FROM auth_analytics_broker
2025-10-23 15:24:04 | DEBUG    | DB       |       1761222244496 | [6.874ms] [rows:1] INSERT INTO "auth_analytics_admins" ("operation_id","path","method","status_code","client_ip","request_body","response_body","created_at","user_id","login","name","error","action") VALUES ('1761222241102','/api/v1/auth/login','POST',200,'127.0.0.1','<binary>','<binary>','2025-10-23 12:24:01.11',1024,'admin','Admin',NULL,'Вход администратора в систему') RETURNING *
2025-10-23 15:24:04 | DEBUG    | DB       |                     | [3.609ms] [rows:0] DELETE FROM auth_analytics_admins WHERE created_at < '2025-10-22 12:24:04.503'
2025-10-23 15:24:04 | DEBUG    | DB       |                     | [4.090ms] [rows:0] DELETE FROM auth_analytics_broker WHERE created_at < '2022-10-24 12:24:04.507'
2025-10-23 15:24:04 | DEBUG    | DB       |                     | [3.480ms] [rows:1] SELECT COUNT(*) FROM auth_analytics_admins
2025-10-23 15:24:04 | DEBUG    | DB       |                     | [11.272ms] [rows:0] DELETE FROM auth_users_blocked WHERE blocked_at <= '2025-10-23 11:24:04.503'
2025-10-23 15:24:04 | DEBUG    | DB       |                     | [4.537ms] [rows:2] DELETE FROM auth_analytics_admins 							WHERE id IN ( 								SELECT id 								FROM auth_analytics_admins 								ORDER BY created_at ASC 								LIMIT 2 						);
2025-10-23 15:24:04 | DEBUG    | DB       |                     | [3.330ms] [rows:1] SELECT COUNT(*) FROM auth_analytics_broker
2025-10-23 15:24:05 | DEBUG    | DB       |                     | [10.272ms] [rows:0] DELETE FROM auth_analytics_admins WHERE created_at < '2025-10-22 12:24:05.503'
2025-10-23 15:24:05 | DEBUG    | DB       |                     | [3.354ms] [rows:0] DELETE FROM auth_analytics_broker WHERE created_at < '2022-10-24 12:24:05.514'
2025-10-23 15:24:05 | DEBUG    | DB       |                     | [6.093ms] [rows:1] SELECT COUNT(*) FROM auth_analytics_admins
2025-10-23 15:24:05 | DEBUG    | DB       |                     | [3.042ms] [rows:1] SELECT COUNT(*) FROM auth_analytics_broker
2025-10-23 15:24:06 | DEBUG    | DB       |                     | [3.383ms] [rows:0] DELETE FROM auth_analytics_admins WHERE created_at < '2025-10-22 12:24:06.504'
2025-10-23 15:24:06 | DEBUG    | DB       |                     | [3.552ms] [rows:0] DELETE FROM auth_analytics_broker WHERE created_at < '2022-10-24 12:24:06.507'
2025-10-23 15:24:06 | DEBUG    | DB       |                     | [3.336ms] [rows:1] SELECT COUNT(*) FROM auth_analytics_admins
2025-10-23 15:24:06 | DEBUG    | DB       |                     | [3.395ms] [rows:1] SELECT COUNT(*) FROM auth_analytics_broker
2025-10-23 15:24:07 | DEBUG    | DB       |                     | [4.313ms] [rows:0] DELETE FROM auth_analytics_admins WHERE created_at < '2025-10-22 12:24:07.504'
2025-10-23 15:24:07 | DEBUG    | DB       |                     | [4.529ms] [rows:0] DELETE FROM auth_analytics_broker WHERE created_at < '2022-10-24 12:24:07.508'
2025-10-23 15:24:07 | DEBUG    | DB       |                     | [3.240ms] [rows:1] SELECT COUNT(*) FROM auth_analytics_admins
2025-10-23 15:24:07 | DEBUG    | DB       |                     | [5.090ms] [rows:1] SELECT COUNT(*) FROM auth_analytics_broker
2025-10-23 15:24:08 | DEBUG    | DB       |                     | [8.673ms] [rows:0] DELETE FROM auth_analytics_admins WHERE created_at < '2025-10-22 12:24:08.504'
2025-10-23 15:24:08 | DEBUG    | DB       |                     | [4.263ms] [rows:0] DELETE FROM auth_analytics_broker WHERE created_at < '2022-10-24 12:24:08.513'
2025-10-23 15:24:08 | DEBUG    | DB       |                     | [3.265ms] [rows:1] SELECT COUNT(*) FROM auth_analytics_admins
2025-10-23 15:24:08 | DEBUG    | DB       |                     | [3.679ms] [rows:1] SELECT COUNT(*) FROM auth_analytics_broker
2025-10-23 15:24:09 | DEBUG    | DB       |                     | [3.723ms] [rows:0] DELETE FROM auth_analytics_admins WHERE created_at < '2025-10-22 12:24:09.504'
2025-10-23 15:24:09 | DEBUG    | DB       |                     | [2.874ms] [rows:0] DELETE FROM auth_analytics_broker WHERE created_at < '2022-10-24 12:24:09.508'
2025-10-23 15:24:09 | DEBUG    | DB       |                     | [3.044ms] [rows:1] SELECT COUNT(*) FROM auth_analytics_admins
2025-10-23 15:24:09 | DEBUG    | DB       |                     | [3.058ms] [rows:1] SELECT COUNT(*) FROM auth_analytics_broker
2025-10-23 15:24:10 | DEBUG    | DB       |                     | [7.888ms] [rows:0] DELETE FROM auth_analytics_admins WHERE created_at < '2025-10-22 12:24:10.504'
2025-10-23 15:24:10 | DEBUG    | DB       |                     | [3.979ms] [rows:0] DELETE FROM auth_analytics_broker WHERE created_at < '2022-10-24 12:24:10.512'
2025-10-23 15:24:10 | DEBUG    | DB       |                     | [3.327ms] [rows:1] SELECT COUNT(*) FROM auth_analytics_admins
2025-10-23 15:24:10 | DEBUG    | DB       |                     | [3.338ms] [rows:1] SELECT COUNT(*) FROM auth_analytics_broker
2025-10-23 15:24:11 | DEBUG    | DB       |                     | [4.446ms] [rows:0] DELETE FROM auth_analytics_admins WHERE created_at < '2025-10-22 12:24:11.504'
2025-10-23 15:24:11 | DEBUG    | DB       |                     | [3.771ms] [rows:0] DELETE FROM auth_analytics_broker WHERE created_at < '2022-10-24 12:24:11.509'
2025-10-23 15:24:11 | DEBUG    | DB       |                     | [4.193ms] [rows:1] SELECT COUNT(*) FROM auth_analytics_admins
2025-10-23 15:24:11 | DEBUG    | DB       |                     | [3.027ms] [rows:1] SELECT COUNT(*) FROM auth_analytics_broker
2025-10-23 15:24:11 | DEBUG    | DB       |       1761222251813 | [7.133ms] [rows:1] SELECT * FROM "auth_user_roles" WHERE "auth_user_roles"."user_id" = 1024
2025-10-23 15:24:11 | DEBUG    | DB       |       1761222251813 | [8.130ms] [rows:1] SELECT * FROM "auth_roles" WHERE "auth_roles"."id" = 1
2025-10-23 15:24:11 | DEBUG    | DB       |       1761222251813 | [23.293ms] [rows:1] SELECT * FROM "auth_users" WHERE login = 'admin' ORDER BY "auth_users"."id" LIMIT 1
2025-10-23 15:24:11 | DEBUG    | DB       |       1761222251813 | [6.734ms] [rows:0] SELECT * FROM "auth_users_blocked" WHERE user_id = 1024 ORDER BY "auth_users_blocked"."user_id" LIMIT 1
2025-10-23 15:24:11 | DEBUG    | DB       |       1761222251813 | [8.205ms] [rows:1] INSERT INTO "auth_tokens" ("user_id","device_id","token","logged_at","updated_at","expires_at","provider") VALUES (1024,4,'d3t1sqpd2u2mhk9mg0gg','2025-10-23 12:24:11.946','2025-10-23 12:24:11.946','2025-10-23 20:24:11.946',NULL) ON CONFLICT ("user_id","device_id") DO UPDATE SET "token"="excluded"."token","expires_at"="excluded"."expires_at","updated_at"="excluded"."updated_at","provider"="excluded"."provider" RETURNING *
2025-10-23 15:24:11 | DEBUG    | DB       |       1761222251813 | [3.136ms] [rows:1] SELECT * FROM "auth_user_roles" WHERE "auth_user_roles"."user_id" = 1024
2025-10-23 15:24:11 | DEBUG    | DB       |       1761222251813 | [6.859ms] [rows:10] SELECT * FROM "auth_permissions" WHERE "auth_permissions"."id" IN (1,2,3,4,5,6,7,8,9,10)
2025-10-23 15:24:11 | DEBUG    | DB       |       1761222251813 | [14.277ms] [rows:10] SELECT * FROM "auth_role_permissions" WHERE "auth_role_permissions"."role_id" = 1
2025-10-23 15:24:11 | DEBUG    | DB       |       1761222251813 | [18.051ms] [rows:1] SELECT * FROM "auth_roles" WHERE "auth_roles"."id" = 1
2025-10-23 15:24:11 | DEBUG    | DB       |       1761222251813 | [27.988ms] [rows:1] SELECT * FROM "auth_users" WHERE id = 1024 ORDER BY "auth_users"."id" LIMIT 1
2025-10-23 15:24:11 | DEBUG    | DB       |       1761222251813 | [7.350ms] [rows:1] SELECT * FROM "auth_profiles" WHERE user_id = 1024 ORDER BY "auth_profiles"."id" LIMIT 1
2025-10-23 15:24:12 | INFO     | HTTP     |       1761222251813 | user_id=1024 |  200 |  202.012125ms |       127.0.0.1 | POST     "/api/v1/auth/login"  ⇢ Request JSON: {"device_id":4,"login":"admin","password":"****"} ⇠ Response JSON: {"accessToken":"****","expires":28800,"refreshToken":"****","token_type":"****","user":{"email":null,"first_name":"Admin","id":1024,"last_name":null,"login":"admin","phone":null,"profile":{"address":"Moscow","age":null,"height":null},"roles":[{"exec":["stream","query-history","auth/users","auth/sessions","auth/analytics","news","auth/roles","configs","tasks","auth/users-blocked"],"id":1,"is_system":true,"name":"SuperAdmin","read":["stream","query-history","auth/users","auth/sessions","auth/analytics","news","auth/roles","configs","tasks","auth/users-blocked"],"write":["stream","query-history","auth/users","auth/sessions","auth/analytics","news","auth/roles","configs","tasks","auth/users-blocked"]}],"second_name":null},"user_id":1024}
2025-10-23 15:24:12 | DEBUG    | DB       |                     | [3.427ms] [rows:0] DELETE FROM auth_analytics_admins WHERE created_at < '2025-10-22 12:24:12.504'
2025-10-23 15:24:12 | DEBUG    | DB       |                     | [3.251ms] [rows:0] DELETE FROM auth_analytics_broker WHERE created_at < '2022-10-24 12:24:12.508'
2025-10-23 15:24:12 | DEBUG    | DB       |                     | [3.534ms] [rows:1] SELECT COUNT(*) FROM auth_analytics_admins
2025-10-23 15:24:12 | DEBUG    | DB       |                     | [3.193ms] [rows:1] SELECT COUNT(*) FROM auth_analytics_broker
2025-10-23 15:24:12 | DEBUG    | DB       |       1761222252597 | [7.671ms] [rows:1] SELECT * FROM "auth_user_roles" WHERE "auth_user_roles"."user_id" = 1024
2025-10-23 15:24:12 | DEBUG    | DB       |       1761222252597 | [7.202ms] [rows:1] SELECT * FROM "auth_roles" WHERE "auth_roles"."id" = 1
2025-10-23 15:24:12 | DEBUG    | DB       |       1761222252597 | [22.078ms] [rows:1] SELECT * FROM "auth_users" WHERE login = 'admin' ORDER BY "auth_users"."id" LIMIT 1
2025-10-23 15:24:12 | DEBUG    | DB       |       1761222252597 | [3.431ms] [rows:0] SELECT * FROM "auth_users_blocked" WHERE user_id = 1024 ORDER BY "auth_users_blocked"."user_id" LIMIT 1
2025-10-23 15:24:12 | DEBUG    | DB       |       1761222252597 | [7.317ms] [rows:1] INSERT INTO "auth_tokens" ("user_id","device_id","token","logged_at","updated_at","expires_at","provider") VALUES (1024,4,'d3t1sr1d2u2mhk9mg0h0','2025-10-23 12:24:12.721','2025-10-23 12:24:12.721','2025-10-23 20:24:12.721',NULL) ON CONFLICT ("user_id","device_id") DO UPDATE SET "token"="excluded"."token","expires_at"="excluded"."expires_at","updated_at"="excluded"."updated_at","provider"="excluded"."provider" RETURNING *
2025-10-23 15:24:12 | DEBUG    | DB       |       1761222252597 | [4.290ms] [rows:1] SELECT * FROM "auth_user_roles" WHERE "auth_user_roles"."user_id" = 1024
2025-10-23 15:24:12 | DEBUG    | DB       |       1761222252597 | [8.162ms] [rows:10] SELECT * FROM "auth_permissions" WHERE "auth_permissions"."id" IN (1,2,3,4,5,6,7,8,9,10)
2025-10-23 15:24:12 | DEBUG    | DB       |       1761222252597 | [15.402ms] [rows:10] SELECT * FROM "auth_role_permissions" WHERE "auth_role_permissions"."role_id" = 1
2025-10-23 15:24:12 | DEBUG    | DB       |       1761222252597 | [18.993ms] [rows:1] SELECT * FROM "auth_roles" WHERE "auth_roles"."id" = 1
2025-10-23 15:24:12 | DEBUG    | DB       |       1761222252597 | [30.006ms] [rows:1] SELECT * FROM "auth_users" WHERE id = 1024 ORDER BY "auth_users"."id" LIMIT 1
2025-10-23 15:24:12 | DEBUG    | DB       |       1761222252597 | [6.382ms] [rows:1] SELECT * FROM "auth_profiles" WHERE user_id = 1024 ORDER BY "auth_profiles"."id" LIMIT 1
2025-10-23 15:24:12 | INFO     | HTTP     |       1761222252597 | user_id=1024 |  200 |  195.487583ms |       127.0.0.1 | POST     "/api/v1/auth/login"  ⇢ Request JSON: {"device_id":4,"login":"admin","password":"****"} ⇠ Response JSON: {"accessToken":"****","expires":28800,"refreshToken":"****","token_type":"****","user":{"email":null,"first_name":"Admin","id":1024,"last_name":null,"login":"admin","phone":null,"profile":{"address":"Moscow","age":null,"height":null},"roles":[{"exec":["stream","query-history","auth/users","auth/sessions","auth/analytics","news","auth/roles","configs","tasks","auth/users-blocked"],"id":1,"is_system":true,"name":"SuperAdmin","read":["stream","query-history","auth/users","auth/sessions","auth/analytics","news","auth/roles","configs","tasks","auth/users-blocked"],"write":["stream","query-history","auth/users","auth/sessions","auth/analytics","news","auth/roles","configs","tasks","auth/users-blocked"]}],"second_name":null},"user_id":1024}
2025-10-23 15:24:13 | DEBUG    | DB       |                     | [4.037ms] [rows:0] DELETE FROM auth_analytics_admins WHERE created_at < '2025-10-22 12:24:13.504'
2025-10-23 15:24:13 | DEBUG    | DB       |                     | [3.777ms] [rows:0] DELETE FROM auth_analytics_broker WHERE created_at < '2022-10-24 12:24:13.508'
2025-10-23 15:24:13 | DEBUG    | DB       |                     | [3.811ms] [rows:1] SELECT COUNT(*) FROM auth_analytics_admins
2025-10-23 15:24:13 | DEBUG    | DB       |                     | [2.780ms] [rows:1] SELECT COUNT(*) FROM auth_analytics_broker
2025-10-23 15:24:14 | DEBUG    | DB       |       1761222254496 | [9.765ms] [rows:2] INSERT INTO "auth_analytics_admins" ("operation_id","path","method","status_code","client_ip","request_body","response_body","created_at","user_id","login","name","error","action") VALUES ('1761222251813','/api/v1/auth/login','POST',200,'127.0.0.1','<binary>','<binary>','2025-10-23 12:24:11.821',1024,'admin','Admin',NULL,'Вход администратора в систему'),('1761222252597','/api/v1/auth/login','POST',200,'127.0.0.1','<binary>','<binary>','2025-10-23 12:24:12.607',1024,'admin','Admin',NULL,'Вход администратора в систему') RETURNING *
2025-10-23 15:24:14 | DEBUG    | DB       |                     | [8.617ms] [rows:0] DELETE FROM auth_analytics_admins WHERE created_at < '2025-10-22 12:24:14.503'
2025-10-23 15:24:14 | DEBUG    | DB       |                     | [8.452ms] [rows:0] DELETE FROM auth_analytics_broker WHERE created_at < '2022-10-24 12:24:14.512'
2025-10-23 15:24:14 | DEBUG    | DB       |                     | [4.743ms] [rows:1] SELECT COUNT(*) FROM auth_analytics_admins
2025-10-23 15:24:14 | DEBUG    | DB       |                     | [10.688ms] [rows:2] DELETE FROM auth_analytics_admins 							WHERE id IN ( 								SELECT id 								FROM auth_analytics_admins 								ORDER BY created_at ASC 								LIMIT 2 						);
2025-10-23 15:24:14 | DEBUG    | DB       |                     | [4.549ms] [rows:1] SELECT COUNT(*) FROM auth_analytics_broker
2025-10-23 15:24:15 | DEBUG    | DB       |                     | [3.710ms] [rows:0] DELETE FROM auth_analytics_admins WHERE created_at < '2025-10-22 12:24:15.504'
2025-10-23 15:24:15 | DEBUG    | DB       |                     | [3.541ms] [rows:0] DELETE FROM auth_analytics_broker WHERE created_at < '2022-10-24 12:24:15.508'
2025-10-23 15:24:15 | DEBUG    | DB       |                     | [3.397ms] [rows:1] SELECT COUNT(*) FROM auth_analytics_admins
2025-10-23 15:24:15 | DEBUG    | DB       |                     | [3.489ms] [rows:1] SELECT COUNT(*) FROM auth_analytics_broker
2025-10-23 15:24:16 | DEBUG    | DB       |                     | [4.074ms] [rows:0] DELETE FROM auth_analytics_admins WHERE created_at < '2025-10-22 12:24:16.504'
2025-10-23 15:24:16 | DEBUG    | DB       |                     | [6.613ms] [rows:0] DELETE FROM auth_analytics_broker WHERE created_at < '2022-10-24 12:24:16.508'
2025-10-23 15:24:16 | DEBUG    | DB       |                     | [4.800ms] [rows:1] SELECT COUNT(*) FROM auth_analytics_admins
2025-10-23 15:24:16 | DEBUG    | DB       |                     | [3.255ms] [rows:1] SELECT COUNT(*) FROM auth_analytics_broker
2025-10-23 15:24:17 | DEBUG    | DB       |                     | [7.517ms] [rows:0] DELETE FROM auth_analytics_admins WHERE created_at < '2025-10-22 12:24:17.504'
2025-10-23 15:24:17 | DEBUG    | DB       |                     | [2.665ms] [rows:0] DELETE FROM auth_analytics_broker WHERE created_at < '2022-10-24 12:24:17.512'
2025-10-23 15:24:17 | DEBUG    | DB       |                     | [3.397ms] [rows:1] SELECT COUNT(*) FROM auth_analytics_admins
2025-10-23 15:24:17 | DEBUG    | DB       |                     | [3.367ms] [rows:1] SELECT COUNT(*) FROM auth_analytics_broker
2025-10-23 15:24:18 | DEBUG    | DB       |                     | [3.827ms] [rows:0] DELETE FROM auth_analytics_admins WHERE created_at < '2025-10-22 12:24:18.504'
2025-10-23 15:24:18 | DEBUG    | DB       |                     | [3.761ms] [rows:0] DELETE FROM auth_analytics_broker WHERE created_at < '2022-10-24 12:24:18.508'
2025-10-23 15:24:18 | DEBUG    | DB       |                     | [3.554ms] [rows:1] SELECT COUNT(*) FROM auth_analytics_admins
2025-10-23 15:24:18 | DEBUG    | DB       |                     | [3.397ms] [rows:1] SELECT COUNT(*) FROM auth_analytics_broker
2025-10-23 15:24:19 | DEBUG    | DB       |                     | [7.566ms] [rows:0] DELETE FROM auth_analytics_admins WHERE created_at < '2025-10-22 12:24:19.504'
2025-10-23 15:24:19 | DEBUG    | DB       |                     | [3.600ms] [rows:0] DELETE FROM auth_analytics_broker WHERE created_at < '2022-10-24 12:24:19.512'
2025-10-23 15:24:19 | DEBUG    | DB       |                     | [3.657ms] [rows:1] SELECT COUNT(*) FROM auth_analytics_admins
2025-10-23 15:24:19 | DEBUG    | DB       |                     | [3.415ms] [rows:1] SELECT COUNT(*) FROM auth_analytics_broker
2025-10-23 15:24:20 | DEBUG    | DB       |                     | [8.296ms] [rows:0] DELETE FROM auth_analytics_admins WHERE created_at < '2025-10-22 12:24:20.504'
2025-10-23 15:24:20 | DEBUG    | DB       |                     | [3.729ms] [rows:0] DELETE FROM auth_analytics_broker WHERE created_at < '2022-10-24 12:24:20.513'
2025-10-23 15:24:20 | DEBUG    | DB       |                     | [3.030ms] [rows:1] SELECT COUNT(*) FROM auth_analytics_admins
2025-10-23 15:24:20 | DEBUG    | DB       |                     | [3.604ms] [rows:1] SELECT COUNT(*) FROM auth_analytics_broker
2025-10-23 15:24:21 | DEBUG    | DB       |                     | [3.920ms] [rows:0] DELETE FROM auth_analytics_admins WHERE created_at < '2025-10-22 12:24:21.504'
2025-10-23 15:24:21 | DEBUG    | DB       |                     | [3.148ms] [rows:0] DELETE FROM auth_analytics_broker WHERE created_at < '2022-10-24 12:24:21.508'
2025-10-23 15:24:21 | DEBUG    | DB       |                     | [4.759ms] [rows:1] SELECT COUNT(*) FROM auth_analytics_admins
2025-10-23 15:24:21 | DEBUG    | DB       |                     | [4.630ms] [rows:1] SELECT COUNT(*) FROM auth_analytics_broker
2025-10-23 15:24:21 | INFO     | APP      |                     | Stopping REST Server
2025-10-23 15:24:21 | INFO     | APP      |                     | Окончание работы системы
2025-10-23 15:26:26 | DEBUG    | DB       |                     | [3.932ms] [rows:0] SELECT * FROM "auth_config_files" WHERE "auth_config_files"."config_key" = 'auth'
2025-10-23 15:26:26 | DEBUG    | DB       |                     | [10.208ms] [rows:1] SELECT * FROM "auth_configs" WHERE key = 'auth' ORDER BY "auth_configs"."key" LIMIT 1
2025-10-23 15:26:26 | DEBUG    | DB       |                     | [5.003ms] [rows:0] SELECT * FROM "auth_config_files" WHERE "auth_config_files"."config_key" = 'audit'
2025-10-23 15:26:26 | DEBUG    | DB       |                     | [9.553ms] [rows:1] SELECT * FROM "auth_configs" WHERE key = 'audit' ORDER BY "auth_configs"."key" LIMIT 1
2025-10-23 15:26:26 | INFO     | APP      |                     | Начало работы системы
2025-10-23 15:26:26 | DEBUG    | DB       |                     | [8.845ms] [rows:0] ALTER SEQUENCE public.auth_users_id_seq RESTART WITH 1024
2025-10-23 15:26:26 | DEBUG    | DB       |                     | [8.893ms] [rows:10] SELECT * FROM "auth_permissions"
2025-10-23 15:26:26 | DEBUG    | DB       |                     | [3.949ms] [rows:10] SELECT * FROM "auth_permissions"
2025-10-23 15:26:26 | DEBUG    | DB       |                     | [7.700ms] [rows:1] SELECT * FROM "auth_roles" WHERE name = 'SuperAdmin' ORDER BY "auth_roles"."id" LIMIT 1
2025-10-23 15:26:26 | DEBUG    | DB       |                     | [2.895ms] [rows:1] SELECT * FROM "auth_roles" WHERE name = 'LdapBroker' ORDER BY "auth_roles"."id" LIMIT 1
2025-10-23 15:26:26 | DEBUG    | DB       |                     | [7.248ms] [rows:20] DELETE FROM "auth_role_permissions" WHERE role_id IN (1,2)
2025-10-23 15:26:26 | DEBUG    | DB       |                     | [10.593ms] [rows:20] INSERT INTO "auth_role_permissions" ("role_id","permission_id","read","write","exec") VALUES (1,1,true,true,true),(2,1,true,true,true),(1,2,true,true,true),(2,2,true,true,true),(1,3,true,true,true),(2,3,true,true,true),(1,4,true,true,true),(2,4,true,true,true),(1,5,true,true,true),(2,5,true,true,true),(1,6,true,true,true),(2,6,true,true,true),(1,7,true,true,true),(2,7,true,true,true),(1,8,true,true,true),(2,8,true,true,true),(1,9,true,true,true),(2,9,true,true,true),(1,10,true,true,true),(2,10,true,true,true) RETURNING *
2025-10-23 15:26:26 | DEBUG    | DB       |                     | [7.978ms] [rows:1] SELECT * FROM "auth_user_roles" WHERE role_id = 1 ORDER BY "auth_user_roles"."user_id" LIMIT 1
2025-10-23 15:26:26 | DEBUG    | DB       |                     | [8.388ms] [rows:1] SELECT * FROM "auth_users" WHERE login = 'admin' ORDER BY "auth_users"."id" LIMIT 1
2025-10-23 15:26:26 | DEBUG    | DB       |                     | [8.333ms] [rows:1] SELECT * FROM "auth_users" WHERE "id" = 1024 ORDER BY "auth_users"."id" LIMIT 1
2025-10-23 15:26:26 | DEBUG    | DB       |                     | [10.290ms] [rows:0] SELECT "auth_tasks"."id","auth_tasks"."name","auth_tasks"."type","auth_tasks"."user_id","auth_tasks"."status","auth_tasks"."created_at","auth_tasks"."updated_at" FROM "auth_tasks" WHERE status IN ('running','pending') ORDER BY auth_tasks."created_at" ASC
2025-10-23 15:26:26 | DEBUG    | DB       |                     | [6.711ms] [rows:0] DELETE FROM auth_analytics_admins WHERE created_at < '2025-10-22 12:26:26.634'
2025-10-23 15:26:26 | DEBUG    | DB       |                     | [8.374ms] [rows:0] DELETE FROM auth_analytics_broker WHERE created_at < '2022-10-24 12:26:26.641'
2025-10-23 15:26:26 | DEBUG    | DB       |                     | [7.178ms] [rows:1] SELECT COUNT(*) FROM auth_analytics_admins
2025-10-23 15:26:26 | DEBUG    | DB       |                     | [7.828ms] [rows:1] SELECT COUNT(*) FROM auth_analytics_broker
2025-10-23 15:26:26 | DEBUG    | DB       |                     | [7.635ms] [rows:1] SELECT * FROM "auth_profiles" WHERE user_id = 1024 ORDER BY "auth_profiles"."id" LIMIT 1
2025-10-23 15:26:26 | DEBUG    | DB       |                     | [9.804ms] [rows:3] SELECT * FROM "auth_configs"
2025-10-23 15:26:26 | INFO     | APP      |                     | Starting REST Server
2025-10-23 15:26:28 | DEBUG    | DB       |       1761222388556 | [8.037ms] [rows:1] SELECT * FROM "auth_user_roles" WHERE "auth_user_roles"."user_id" = 1024
2025-10-23 15:26:28 | DEBUG    | DB       |       1761222388556 | [7.709ms] [rows:10] SELECT * FROM "auth_permissions" WHERE "auth_permissions"."id" IN (1,2,3,4,5,6,7,8,9,10)
2025-10-23 15:26:28 | DEBUG    | DB       |       1761222388556 | [14.688ms] [rows:10] SELECT * FROM "auth_role_permissions" WHERE "auth_role_permissions"."role_id" = 1
2025-10-23 15:26:28 | DEBUG    | DB       |       1761222388556 | [22.771ms] [rows:1] SELECT * FROM "auth_roles" WHERE "auth_roles"."id" = 1
2025-10-23 15:26:28 | DEBUG    | DB       |       1761222388556 | [41.885ms] [rows:1] SELECT * FROM "auth_users" WHERE id = 1024 ORDER BY "auth_users"."id" LIMIT 1
2025-10-23 15:26:28 | DEBUG    | DB       |       1761222388556 | [7.521ms] [rows:10] SELECT * FROM "auth_permissions" ORDER BY auth_permissions."name" ASC
2025-10-23 15:26:28 | DEBUG    | DB       |       1761222388556 | [6.756ms] [rows:0] SELECT "auth_config_files"."key","auth_config_files"."config_key","auth_config_files"."file_name","auth_config_files"."updated_at" FROM "auth_config_files" WHERE "auth_config_files"."config_key" = 'audit'
2025-10-23 15:26:28 | DEBUG    | DB       |       1761222388556 | [13.967ms] [rows:1] SELECT * FROM "auth_configs" WHERE key = 'audit' ORDER BY "auth_configs"."key" LIMIT 1
2025-10-23 15:26:28 | DEBUG    | HTTP     |       1761222388556 | user_id=1024 |  200 |    67.36575ms |       127.0.0.1 | GET      "/api/v1/configs/audit"  ⇠ Response JSON: {"updated_at":"2025-10-23T14:06:45.623782+03:00","value":{"db":{"admin":{"max_age_days":1,"max_count":20,"percentage_of_delete":10},"broker":{"log_disabled":false,"max_age_days":1095,"max_count":1000000,"percentage_of_delete":1}},"file":{"compress":true,"max_age_days":1095,"max_backups":10,"max_size_mb":20,"syslog":[]}}}
2025-10-23 15:27:21 | DEBUG    | DB       |       1761222441056 | [2.972ms] [rows:1] SELECT * FROM "auth_user_roles" WHERE "auth_user_roles"."user_id" = 1024
2025-10-23 15:27:21 | DEBUG    | DB       |       1761222441056 | [3.918ms] [rows:10] SELECT * FROM "auth_permissions" WHERE "auth_permissions"."id" IN (1,2,3,4,5,6,7,8,9,10)
2025-10-23 15:27:21 | DEBUG    | DB       |       1761222441056 | [7.476ms] [rows:10] SELECT * FROM "auth_role_permissions" WHERE "auth_role_permissions"."role_id" = 1
2025-10-23 15:27:21 | DEBUG    | DB       |       1761222441056 | [10.899ms] [rows:1] SELECT * FROM "auth_roles" WHERE "auth_roles"."id" = 1
2025-10-23 15:27:21 | DEBUG    | DB       |       1761222441056 | [21.150ms] [rows:1] SELECT * FROM "auth_users" WHERE id = 1024 ORDER BY "auth_users"."id" LIMIT 1
2025-10-23 15:27:21 | DEBUG    | DB       |       1761222441056 | [9.003ms] [rows:0] SELECT * FROM "auth_config_files" WHERE "auth_config_files"."config_key" = 'audit'
2025-10-23 15:27:21 | DEBUG    | DB       |       1761222441056 | [13.189ms] [rows:1] SELECT * FROM "auth_configs" WHERE key = 'audit' ORDER BY "auth_configs"."key" LIMIT 1
2025-10-23 15:27:21 | ERROR    | HTTP     |       1761222441056 | user_id=1024 |  400 |    45.48975ms |       127.0.0.1 | PATCH    "/api/v1/configs/audit" Неверный запрос->Key: 'AuditRequest.DB.Broker.MaxCount' Error:Field validation for 'MaxCount' failed on the 'max' tag ⇢ Request JSON: {"db":{"admin":{"max_age_days":1,"max_count":20,"percentage_of_delete":10},"broker":{"log_disabled":false,"max_age_days":1095,"max_count":1000000,"percentage_of_delete":1}},"file":{"compress":true,"max_age_days":1095,"max_backups":10,"max_size_mb":20,"syslog":[]}} ⇠ Response JSON: {"errors":[{"column":"db.broker.max_count","error":"должен быть меньше или равно 65 535"}],"id":"validation_error","text":"Неверный запрос"}
2025-10-23 15:27:26 | DEBUG    | DB       |       1761222446625 | [12.784ms] [rows:1] INSERT INTO "auth_analytics_admins" ("operation_id","path","method","status_code","client_ip","request_body","response_body","created_at","user_id","login","name","error","action") VALUES ('1761222441056','/api/v1/configs/audit','PATCH',400,'127.0.0.1','<binary>','<binary>','2025-10-23 12:27:21.068',1024,'admin','Admin','Неверный запрос','Изменение настроек аудита') RETURNING *
2025-10-23 15:27:26 | DEBUG    | DB       |                     | [27.516ms] [rows:0] DELETE FROM auth_users_blocked WHERE blocked_at <= '2025-10-23 11:27:26.635'
2025-10-23 15:28:04 | INFO     | APP      |                     | Stopping REST Server
2025-10-23 15:28:04 | INFO     | APP      |                     | Окончание работы системы
2025-10-23 15:28:08 | DEBUG    | DB       |                     | [3.805ms] [rows:0] SELECT * FROM "auth_config_files" WHERE "auth_config_files"."config_key" = 'auth'
2025-10-23 15:28:08 | DEBUG    | DB       |                     | [7.531ms] [rows:1] SELECT * FROM "auth_configs" WHERE key = 'auth' ORDER BY "auth_configs"."key" LIMIT 1
2025-10-23 15:28:08 | DEBUG    | DB       |                     | [3.428ms] [rows:0] SELECT * FROM "auth_config_files" WHERE "auth_config_files"."config_key" = 'audit'
2025-10-23 15:28:08 | DEBUG    | DB       |                     | [6.762ms] [rows:1] SELECT * FROM "auth_configs" WHERE key = 'audit' ORDER BY "auth_configs"."key" LIMIT 1
2025-10-23 15:28:08 | INFO     | APP      |                     | Начало работы системы
2025-10-23 15:28:08 | DEBUG    | DB       |                     | [8.892ms] [rows:0] ALTER SEQUENCE public.auth_users_id_seq RESTART WITH 1024
2025-10-23 15:28:08 | DEBUG    | DB       |                     | [6.389ms] [rows:10] SELECT * FROM "auth_permissions"
2025-10-23 15:28:08 | DEBUG    | DB       |                     | [2.644ms] [rows:10] SELECT * FROM "auth_permissions"
2025-10-23 15:28:08 | DEBUG    | DB       |                     | [7.098ms] [rows:1] SELECT * FROM "auth_roles" WHERE name = 'SuperAdmin' ORDER BY "auth_roles"."id" LIMIT 1
2025-10-23 15:28:08 | DEBUG    | DB       |                     | [3.252ms] [rows:1] SELECT * FROM "auth_roles" WHERE name = 'LdapBroker' ORDER BY "auth_roles"."id" LIMIT 1
2025-10-23 15:28:08 | DEBUG    | DB       |                     | [8.192ms] [rows:20] DELETE FROM "auth_role_permissions" WHERE role_id IN (1,2)
2025-10-23 15:28:08 | DEBUG    | DB       |                     | [9.201ms] [rows:20] INSERT INTO "auth_role_permissions" ("role_id","permission_id","read","write","exec") VALUES (1,1,true,true,true),(2,1,true,true,true),(1,2,true,true,true),(2,2,true,true,true),(1,3,true,true,true),(2,3,true,true,true),(1,4,true,true,true),(2,4,true,true,true),(1,5,true,true,true),(2,5,true,true,true),(1,6,true,true,true),(2,6,true,true,true),(1,7,true,true,true),(2,7,true,true,true),(1,8,true,true,true),(2,8,true,true,true),(1,9,true,true,true),(2,9,true,true,true),(1,10,true,true,true),(2,10,true,true,true) RETURNING *
2025-10-23 15:28:08 | DEBUG    | DB       |                     | [7.898ms] [rows:1] SELECT * FROM "auth_user_roles" WHERE role_id = 1 ORDER BY "auth_user_roles"."user_id" LIMIT 1
2025-10-23 15:28:08 | DEBUG    | DB       |                     | [7.174ms] [rows:1] SELECT * FROM "auth_users" WHERE login = 'admin' ORDER BY "auth_users"."id" LIMIT 1
2025-10-23 15:28:09 | DEBUG    | DB       |                     | [7.574ms] [rows:1] SELECT * FROM "auth_users" WHERE "id" = 1024 ORDER BY "auth_users"."id" LIMIT 1
2025-10-23 15:28:09 | DEBUG    | DB       |                     | [7.391ms] [rows:0] SELECT "auth_tasks"."id","auth_tasks"."name","auth_tasks"."type","auth_tasks"."user_id","auth_tasks"."status","auth_tasks"."created_at","auth_tasks"."updated_at" FROM "auth_tasks" WHERE status IN ('running','pending') ORDER BY auth_tasks."created_at" ASC
2025-10-23 15:28:09 | DEBUG    | DB       |                     | [6.744ms] [rows:0] DELETE FROM auth_analytics_admins WHERE created_at < '2025-10-22 12:28:09.042'
2025-10-23 15:28:09 | DEBUG    | DB       |                     | [6.631ms] [rows:0] DELETE FROM auth_analytics_broker WHERE created_at < '2022-10-24 12:28:09.049'
2025-10-23 15:28:09 | DEBUG    | DB       |                     | [6.779ms] [rows:1] SELECT COUNT(*) FROM auth_analytics_admins
2025-10-23 15:28:09 | DEBUG    | DB       |                     | [5.037ms] [rows:1] SELECT COUNT(*) FROM auth_analytics_broker
2025-10-23 15:28:09 | DEBUG    | DB       |                     | [8.421ms] [rows:1] SELECT * FROM "auth_profiles" WHERE user_id = 1024 ORDER BY "auth_profiles"."id" LIMIT 1
2025-10-23 15:28:09 | DEBUG    | DB       |                     | [8.361ms] [rows:3] SELECT * FROM "auth_configs"
2025-10-23 15:28:09 | INFO     | APP      |                     | Starting REST Server
2025-10-23 15:28:12 | DEBUG    | DB       |       1761222492249 | [9.732ms] [rows:1] SELECT * FROM "auth_user_roles" WHERE "auth_user_roles"."user_id" = 1024
2025-10-23 15:28:12 | DEBUG    | DB       |       1761222492249 | [7.937ms] [rows:10] SELECT * FROM "auth_permissions" WHERE "auth_permissions"."id" IN (1,2,3,4,5,6,7,8,9,10)
2025-10-23 15:28:12 | DEBUG    | DB       |       1761222492249 | [17.057ms] [rows:10] SELECT * FROM "auth_role_permissions" WHERE "auth_role_permissions"."role_id" = 1
2025-10-23 15:28:12 | DEBUG    | DB       |       1761222492249 | [26.924ms] [rows:1] SELECT * FROM "auth_roles" WHERE "auth_roles"."id" = 1
2025-10-23 15:28:12 | DEBUG    | DB       |       1761222492249 | [50.980ms] [rows:1] SELECT * FROM "auth_users" WHERE id = 1024 ORDER BY "auth_users"."id" LIMIT 1
2025-10-23 15:28:12 | DEBUG    | DB       |       1761222492249 | [8.676ms] [rows:10] SELECT * FROM "auth_permissions" ORDER BY auth_permissions."name" ASC
2025-10-23 15:28:12 | DEBUG    | DB       |       1761222492249 | [10.108ms] [rows:0] SELECT * FROM "auth_config_files" WHERE "auth_config_files"."config_key" = 'audit'
2025-10-23 15:28:12 | DEBUG    | DB       |       1761222492249 | [22.443ms] [rows:1] SELECT * FROM "auth_configs" WHERE key = 'audit' ORDER BY "auth_configs"."key" LIMIT 1
2025-10-23 15:28:12 | DEBUG    | DB       |       1761222492249 | [9.948ms] [rows:1] UPDATE "auth_configs" SET "value"='{"file":{"max_size_mb":20,"max_backups":10,"max_age_days":1095,"compress":true,"syslog":[]},"db":{"admin":{"max_age_days":1,"max_count":20,"percentage_of_delete":10,"logger_disabled":false},"broker":{"max_age_days":1095,"max_count":1000000,"percentage_of_delete":1,"logger_disabled":false}}}',"updated_at"='2025-10-23 15:28:12.352' WHERE key = 'audit'
2025-10-23 15:28:12 | INFO     | HTTP     |       1761222492249 | user_id=1024 |  200 |  113.178208ms |       127.0.0.1 | PATCH    "/api/v1/configs/audit"  ⇢ Request JSON: {"db":{"admin":{"max_age_days":1,"max_count":20,"percentage_of_delete":10},"broker":{"log_disabled":false,"max_age_days":1095,"max_count":1000000,"percentage_of_delete":1}},"file":{"compress":true,"max_age_days":1095,"max_backups":10,"max_size_mb":20,"syslog":[]}}
2025-10-23 15:28:19 | DEBUG    | DB       |       1761222499035 | [19.988ms] [rows:1] INSERT INTO "auth_analytics_admins" ("operation_id","path","method","status_code","client_ip","request_body","response_body","created_at","user_id","login","name","error","action") VALUES ('1761222492249','/api/v1/configs/audit','PATCH',200,'127.0.0.1','<binary>','','2025-10-23 12:28:12.26',1024,'admin','Admin',NULL,'Изменение настроек аудита') RETURNING *
2025-10-23 15:29:09 | DEBUG    | DB       |                     | [14.901ms] [rows:0] DELETE FROM auth_users_blocked WHERE blocked_at <= '2025-10-23 11:29:09.043'
2025-10-23 15:30:09 | DEBUG    | DB       |                     | [7.470ms] [rows:0] DELETE FROM auth_users_blocked WHERE blocked_at <= '2025-10-23 11:30:09.044'
2025-10-23 15:31:09 | DEBUG    | DB       |                     | [8.365ms] [rows:0] DELETE FROM auth_users_blocked WHERE blocked_at <= '2025-10-23 11:31:09.044'
2025-10-23 15:32:09 | DEBUG    | DB       |                     | [11.363ms] [rows:0] DELETE FROM auth_users_blocked WHERE blocked_at <= '2025-10-23 11:32:09.044'
2025-10-23 15:33:09 | DEBUG    | DB       |                     | [11.178ms] [rows:0] DELETE FROM auth_users_blocked WHERE blocked_at <= '2025-10-23 11:33:09.045'
2025-10-23 15:34:09 | DEBUG    | DB       |                     | [7.549ms] [rows:0] DELETE FROM auth_users_blocked WHERE blocked_at <= '2025-10-23 11:34:09.045'
2025-10-23 15:35:09 | DEBUG    | DB       |                     | [12.153ms] [rows:0] DELETE FROM auth_users_blocked WHERE blocked_at <= '2025-10-23 11:35:09.047'
2025-10-23 15:36:09 | DEBUG    | DB       |                     | [11.511ms] [rows:0] DELETE FROM auth_users_blocked WHERE blocked_at <= '2025-10-23 11:36:09.047'
2025-10-23 15:37:09 | DEBUG    | DB       |                     | [7.990ms] [rows:0] DELETE FROM auth_users_blocked WHERE blocked_at <= '2025-10-23 11:37:09.046'
2025-10-23 15:38:09 | DEBUG    | DB       |                     | [7.183ms] [rows:0] DELETE FROM auth_users_blocked WHERE blocked_at <= '2025-10-23 11:38:09.047'
2025-10-23 15:38:09 | DEBUG    | DB       |                     | [28.718ms] [rows:0] DELETE FROM auth_tokens WHERE expires_at < '2025-10-23 12:38:09.047'
2025-10-23 15:39:09 | DEBUG    | DB       |                     | [16.002ms] [rows:0] DELETE FROM auth_users_blocked WHERE blocked_at <= '2025-10-23 11:39:09.047'
2025-10-23 15:40:09 | DEBUG    | DB       |                     | [11.654ms] [rows:0] DELETE FROM auth_users_blocked WHERE blocked_at <= '2025-10-23 11:40:09.049'
2025-10-23 15:41:09 | DEBUG    | DB       |                     | [17.470ms] [rows:0] DELETE FROM auth_users_blocked WHERE blocked_at <= '2025-10-23 11:41:09.048'
2025-10-23 15:42:09 | DEBUG    | DB       |                     | [7.776ms] [rows:0] DELETE FROM auth_users_blocked WHERE blocked_at <= '2025-10-23 11:42:09.049'
2025-10-23 15:43:09 | DEBUG    | DB       |                     | [13.694ms] [rows:0] DELETE FROM auth_analytics_admins WHERE created_at < '2025-10-22 12:43:09.049'
2025-10-23 15:43:09 | DEBUG    | DB       |                     | [7.532ms] [rows:0] DELETE FROM auth_analytics_broker WHERE created_at < '2022-10-24 12:43:09.063'
2025-10-23 15:43:09 | DEBUG    | DB       |                     | [27.249ms] [rows:0] DELETE FROM auth_users_blocked WHERE blocked_at <= '2025-10-23 11:43:09.049'
2025-10-23 15:43:09 | DEBUG    | DB       |                     | [7.134ms] [rows:1] SELECT COUNT(*) FROM auth_analytics_admins
2025-10-23 15:43:09 | DEBUG    | DB       |                     | [11.583ms] [rows:2] DELETE FROM auth_analytics_admins 							WHERE id IN ( 								SELECT id 								FROM auth_analytics_admins 								ORDER BY created_at ASC 								LIMIT 2 						);
2025-10-23 15:43:09 | DEBUG    | DB       |                     | [6.902ms] [rows:1] SELECT COUNT(*) FROM auth_analytics_broker
2025-10-23 15:44:09 | DEBUG    | DB       |                     | [7.302ms] [rows:0] DELETE FROM auth_users_blocked WHERE blocked_at <= '2025-10-23 11:44:09.05'
2025-10-23 15:45:09 | DEBUG    | DB       |                     | [7.241ms] [rows:0] DELETE FROM auth_users_blocked WHERE blocked_at <= '2025-10-23 11:45:09.049'
2025-10-23 15:46:09 | DEBUG    | DB       |                     | [7.492ms] [rows:0] DELETE FROM auth_users_blocked WHERE blocked_at <= '2025-10-23 11:46:09.051'
2025-10-23 15:47:09 | DEBUG    | DB       |                     | [8.574ms] [rows:0] DELETE FROM auth_users_blocked WHERE blocked_at <= '2025-10-23 11:47:09.05'
2025-10-23 15:48:09 | DEBUG    | DB       |                     | [6.891ms] [rows:0] DELETE FROM auth_users_blocked WHERE blocked_at <= '2025-10-23 11:48:09.052'
2025-10-23 15:48:09 | DEBUG    | DB       |                     | [25.793ms] [rows:0] DELETE FROM auth_tokens WHERE expires_at < '2025-10-23 12:48:09.052'
2025-10-23 15:49:09 | DEBUG    | DB       |                     | [11.352ms] [rows:0] DELETE FROM auth_users_blocked WHERE blocked_at <= '2025-10-23 11:49:09.051'
2025-10-23 15:50:09 | DEBUG    | DB       |                     | [10.559ms] [rows:0] DELETE FROM auth_users_blocked WHERE blocked_at <= '2025-10-23 11:50:09.051'
2025-10-23 15:51:09 | DEBUG    | DB       |                     | [19.747ms] [rows:0] DELETE FROM auth_users_blocked WHERE blocked_at <= '2025-10-23 11:51:09.053'
2025-10-23 15:52:09 | DEBUG    | DB       |                     | [7.748ms] [rows:0] DELETE FROM auth_users_blocked WHERE blocked_at <= '2025-10-23 11:52:09.053'
2025-10-23 15:53:09 | DEBUG    | DB       |                     | [8.380ms] [rows:0] DELETE FROM auth_users_blocked WHERE blocked_at <= '2025-10-23 11:53:09.052'
2025-10-23 15:54:09 | DEBUG    | DB       |                     | [6.555ms] [rows:0] DELETE FROM auth_users_blocked WHERE blocked_at <= '2025-10-23 11:54:09.054'
2025-10-23 15:55:09 | DEBUG    | DB       |                     | [6.710ms] [rows:0] DELETE FROM auth_users_blocked WHERE blocked_at <= '2025-10-23 11:55:09.055'
2025-10-23 15:56:09 | DEBUG    | DB       |                     | [11.540ms] [rows:0] DELETE FROM auth_users_blocked WHERE blocked_at <= '2025-10-23 11:56:09.053'
2025-10-23 15:57:09 | DEBUG    | DB       |                     | [7.826ms] [rows:0] DELETE FROM auth_users_blocked WHERE blocked_at <= '2025-10-23 11:57:09.054'
2025-10-23 15:58:09 | DEBUG    | DB       |                     | [16.999ms] [rows:0] DELETE FROM auth_analytics_admins WHERE created_at < '2025-10-22 12:58:09.055'
2025-10-23 15:58:09 | DEBUG    | DB       |                     | [6.722ms] [rows:0] DELETE FROM auth_analytics_broker WHERE created_at < '2022-10-24 12:58:09.072'
2025-10-23 15:58:09 | DEBUG    | DB       |                     | [24.431ms] [rows:0] DELETE FROM auth_tokens WHERE expires_at < '2025-10-23 12:58:09.055'
2025-10-23 15:58:09 | DEBUG    | DB       |                     | [25.164ms] [rows:0] DELETE FROM auth_users_blocked WHERE blocked_at <= '2025-10-23 11:58:09.055'
2025-10-23 15:58:09 | DEBUG    | DB       |                     | [8.936ms] [rows:1] SELECT COUNT(*) FROM auth_analytics_admins
2025-10-23 15:58:09 | DEBUG    | DB       |                     | [8.286ms] [rows:1] SELECT COUNT(*) FROM auth_analytics_broker
2025-10-23 15:59:09 | DEBUG    | DB       |                     | [7.801ms] [rows:0] DELETE FROM auth_users_blocked WHERE blocked_at <= '2025-10-23 11:59:09.055'
2025-10-23 16:00:09 | DEBUG    | DB       |                     | [9.030ms] [rows:0] DELETE FROM auth_users_blocked WHERE blocked_at <= '2025-10-23 12:00:09.056'
2025-10-23 16:06:53 | DEBUG    | DB       |                     | [53.332ms] [rows:0] DELETE FROM auth_users_blocked WHERE blocked_at <= '2025-10-23 12:06:53.598'
2025-10-23 16:10:44 | DEBUG    | DB       |                     | [26.179ms] [rows:0] DELETE FROM auth_users_blocked WHERE blocked_at <= '2025-10-23 12:10:44.59'
2025-10-23 16:11:44 | DEBUG    | DB       |                     | [6.394ms] [rows:0] DELETE FROM auth_users_blocked WHERE blocked_at <= '2025-10-23 12:11:44.59'
2025-10-23 16:12:44 | DEBUG    | DB       |                     | [11.046ms] [rows:0] DELETE FROM auth_users_blocked WHERE blocked_at <= '2025-10-23 12:12:44.591'
2025-10-23 16:13:44 | DEBUG    | DB       |                     | [11.073ms] [rows:0] DELETE FROM auth_users_blocked WHERE blocked_at <= '2025-10-23 12:13:44.591'
2025-10-23 16:14:44 | DEBUG    | DB       |                     | [6.677ms] [rows:0] DELETE FROM auth_users_blocked WHERE blocked_at <= '2025-10-23 12:14:44.59'
2025-10-23 16:15:44 | DEBUG    | DB       |                     | [13.839ms] [rows:0] DELETE FROM auth_users_blocked WHERE blocked_at <= '2025-10-23 12:15:44.591'
2025-10-23 16:16:44 | DEBUG    | DB       |                     | [11.071ms] [rows:0] DELETE FROM auth_users_blocked WHERE blocked_at <= '2025-10-23 12:16:44.587'
2025-10-23 16:16:44 | DEBUG    | DB       |                     | [26.163ms] [rows:0] DELETE FROM auth_tokens WHERE expires_at < '2025-10-23 13:16:44.587'
2025-10-23 16:17:44 | DEBUG    | DB       |                     | [17.622ms] [rows:0] DELETE FROM auth_users_blocked WHERE blocked_at <= '2025-10-23 12:17:44.586'
2025-10-23 16:18:44 | DEBUG    | DB       |                     | [6.850ms] [rows:0] DELETE FROM auth_users_blocked WHERE blocked_at <= '2025-10-23 12:18:44.586'
2025-10-23 16:19:44 | DEBUG    | DB       |                     | [12.434ms] [rows:0] DELETE FROM auth_users_blocked WHERE blocked_at <= '2025-10-23 12:19:44.587'
2025-10-23 16:20:44 | DEBUG    | DB       |                     | [8.127ms] [rows:0] DELETE FROM auth_users_blocked WHERE blocked_at <= '2025-10-23 12:20:44.586'
2025-10-23 16:21:44 | DEBUG    | DB       |                     | [7.167ms] [rows:0] DELETE FROM auth_users_blocked WHERE blocked_at <= '2025-10-23 12:21:44.587'
2025-10-23 16:21:44 | DEBUG    | DB       |                     | [12.497ms] [rows:0] DELETE FROM auth_analytics_admins WHERE created_at < '2025-10-22 13:21:44.587'
2025-10-23 16:21:44 | DEBUG    | DB       |                     | [7.139ms] [rows:0] DELETE FROM auth_analytics_broker WHERE created_at < '2022-10-24 13:21:44.6'
2025-10-23 16:21:44 | DEBUG    | DB       |                     | [8.230ms] [rows:1] SELECT COUNT(*) FROM auth_analytics_admins
2025-10-23 16:21:44 | DEBUG    | DB       |                     | [7.127ms] [rows:1] SELECT COUNT(*) FROM auth_analytics_broker
2025-10-23 16:22:44 | DEBUG    | DB       |                     | [7.032ms] [rows:0] DELETE FROM auth_users_blocked WHERE blocked_at <= '2025-10-23 12:22:44.587'
2025-10-23 16:23:44 | DEBUG    | DB       |                     | [9.171ms] [rows:0] DELETE FROM auth_users_blocked WHERE blocked_at <= '2025-10-23 12:23:44.587'
2025-10-23 16:24:44 | DEBUG    | DB       |                     | [8.047ms] [rows:0] DELETE FROM auth_users_blocked WHERE blocked_at <= '2025-10-23 12:24:44.587'
2025-10-23 16:25:44 | DEBUG    | DB       |                     | [6.799ms] [rows:0] DELETE FROM auth_users_blocked WHERE blocked_at <= '2025-10-23 12:25:44.587'
2025-10-23 16:26:44 | DEBUG    | DB       |                     | [12.243ms] [rows:0] DELETE FROM auth_users_blocked WHERE blocked_at <= '2025-10-23 12:26:44.588'
2025-10-23 16:26:44 | DEBUG    | DB       |                     | [17.288ms] [rows:0] DELETE FROM auth_tokens WHERE expires_at < '2025-10-23 13:26:44.588'
2025-10-23 16:27:44 | DEBUG    | DB       |                     | [10.803ms] [rows:0] DELETE FROM auth_users_blocked WHERE blocked_at <= '2025-10-23 12:27:44.588'
2025-10-23 16:28:44 | DEBUG    | DB       |                     | [11.574ms] [rows:0] DELETE FROM auth_users_blocked WHERE blocked_at <= '2025-10-23 12:28:44.588'
2025-10-23 16:29:44 | DEBUG    | DB       |                     | [15.690ms] [rows:0] DELETE FROM auth_users_blocked WHERE blocked_at <= '2025-10-23 12:29:44.588'
2025-10-23 16:30:44 | DEBUG    | DB       |                     | [10.882ms] [rows:0] DELETE FROM auth_users_blocked WHERE blocked_at <= '2025-10-23 12:30:44.588'
2025-10-23 16:31:44 | DEBUG    | DB       |                     | [7.723ms] [rows:0] DELETE FROM auth_users_blocked WHERE blocked_at <= '2025-10-23 12:31:44.588'
2025-10-23 16:32:44 | DEBUG    | DB       |                     | [28.590ms] [rows:0] DELETE FROM auth_users_blocked WHERE blocked_at <= '2025-10-23 12:32:44.589'
2025-10-23 16:33:44 | DEBUG    | DB       |                     | [10.765ms] [rows:0] DELETE FROM auth_users_blocked WHERE blocked_at <= '2025-10-23 12:33:44.589'
2025-10-23 16:34:44 | DEBUG    | DB       |                     | [15.778ms] [rows:0] DELETE FROM auth_users_blocked WHERE blocked_at <= '2025-10-23 12:34:44.589'
2025-10-23 16:35:44 | DEBUG    | DB       |                     | [10.507ms] [rows:0] DELETE FROM auth_users_blocked WHERE blocked_at <= '2025-10-23 12:35:44.589'
2025-10-23 16:36:44 | DEBUG    | DB       |                     | [15.369ms] [rows:0] DELETE FROM auth_users_blocked WHERE blocked_at <= '2025-10-23 12:36:44.589'
2025-10-23 16:36:44 | DEBUG    | DB       |                     | [17.366ms] [rows:0] DELETE FROM auth_tokens WHERE expires_at < '2025-10-23 13:36:44.589'
2025-10-23 16:36:44 | DEBUG    | DB       |                     | [32.816ms] [rows:0] DELETE FROM auth_analytics_admins WHERE created_at < '2025-10-22 13:36:44.589'
2025-10-23 16:36:44 | DEBUG    | DB       |                     | [14.825ms] [rows:0] DELETE FROM auth_analytics_broker WHERE created_at < '2022-10-24 13:36:44.623'
2025-10-23 16:36:44 | DEBUG    | DB       |                     | [10.650ms] [rows:1] SELECT COUNT(*) FROM auth_analytics_admins
2025-10-23 16:36:44 | DEBUG    | DB       |                     | [12.759ms] [rows:1] SELECT COUNT(*) FROM auth_analytics_broker
2025-10-23 16:37:44 | DEBUG    | DB       |                     | [14.999ms] [rows:0] DELETE FROM auth_users_blocked WHERE blocked_at <= '2025-10-23 12:37:44.589'
2025-10-23 16:38:44 | DEBUG    | DB       |                     | [6.557ms] [rows:0] DELETE FROM auth_users_blocked WHERE blocked_at <= '2025-10-23 12:38:44.59'
2025-10-23 16:39:44 | DEBUG    | DB       |                     | [11.023ms] [rows:0] DELETE FROM auth_users_blocked WHERE blocked_at <= '2025-10-23 12:39:44.588'
2025-10-23 16:40:44 | DEBUG    | DB       |                     | [9.815ms] [rows:0] DELETE FROM auth_users_blocked WHERE blocked_at <= '2025-10-23 12:40:44.571'
2025-10-23 16:41:44 | DEBUG    | DB       |                     | [12.564ms] [rows:0] DELETE FROM auth_users_blocked WHERE blocked_at <= '2025-10-23 12:41:44.57'
2025-10-23 16:42:44 | DEBUG    | DB       |                     | [12.527ms] [rows:0] DELETE FROM auth_users_blocked WHERE blocked_at <= '2025-10-23 12:42:44.569'
2025-10-23 16:43:44 | DEBUG    | DB       |                     | [11.364ms] [rows:0] DELETE FROM auth_users_blocked WHERE blocked_at <= '2025-10-23 12:43:44.57'
2025-10-23 16:44:44 | DEBUG    | DB       |                     | [10.174ms] [rows:0] DELETE FROM auth_users_blocked WHERE blocked_at <= '2025-10-23 12:44:44.57'
2025-10-23 16:45:44 | DEBUG    | DB       |                     | [7.017ms] [rows:0] DELETE FROM auth_users_blocked WHERE blocked_at <= '2025-10-23 12:45:44.57'
2025-10-23 16:46:44 | DEBUG    | DB       |                     | [7.657ms] [rows:0] DELETE FROM auth_tokens WHERE expires_at < '2025-10-23 13:46:44.57'
2025-10-23 16:46:44 | DEBUG    | DB       |                     | [8.546ms] [rows:0] DELETE FROM auth_users_blocked WHERE blocked_at <= '2025-10-23 12:46:44.57'
2025-10-23 16:47:44 | DEBUG    | DB       |                     | [7.996ms] [rows:0] DELETE FROM auth_users_blocked WHERE blocked_at <= '2025-10-23 12:47:44.569'
2025-10-23 16:48:44 | DEBUG    | DB       |                     | [7.132ms] [rows:0] DELETE FROM auth_users_blocked WHERE blocked_at <= '2025-10-23 12:48:44.569'
2025-10-23 16:49:44 | DEBUG    | DB       |                     | [9.356ms] [rows:0] DELETE FROM auth_users_blocked WHERE blocked_at <= '2025-10-23 12:49:44.571'
2025-10-23 16:50:44 | DEBUG    | DB       |                     | [11.532ms] [rows:0] DELETE FROM auth_users_blocked WHERE blocked_at <= '2025-10-23 12:50:44.569'
2025-10-23 16:51:44 | DEBUG    | DB       |                     | [11.029ms] [rows:0] DELETE FROM auth_users_blocked WHERE blocked_at <= '2025-10-23 12:51:44.569'
2025-10-23 16:51:44 | DEBUG    | DB       |                     | [14.526ms] [rows:0] DELETE FROM auth_analytics_admins WHERE created_at < '2025-10-22 13:51:44.569'
2025-10-23 16:51:44 | DEBUG    | DB       |                     | [6.990ms] [rows:0] DELETE FROM auth_analytics_broker WHERE created_at < '2022-10-24 13:51:44.584'
2025-10-23 16:51:44 | DEBUG    | DB       |                     | [7.541ms] [rows:1] SELECT COUNT(*) FROM auth_analytics_admins
2025-10-23 16:51:44 | DEBUG    | DB       |                     | [7.535ms] [rows:1] SELECT COUNT(*) FROM auth_analytics_broker
2025-10-23 16:52:44 | DEBUG    | DB       |                     | [11.902ms] [rows:0] DELETE FROM auth_users_blocked WHERE blocked_at <= '2025-10-23 12:52:44.569'
2025-10-23 16:53:44 | DEBUG    | DB       |                     | [5.154ms] [rows:0] DELETE FROM auth_users_blocked WHERE blocked_at <= '2025-10-23 12:53:44.569'
2025-10-23 16:54:44 | DEBUG    | DB       |                     | [11.932ms] [rows:0] DELETE FROM auth_users_blocked WHERE blocked_at <= '2025-10-23 12:54:44.568'
2025-10-23 16:55:44 | DEBUG    | DB       |                     | [7.220ms] [rows:0] DELETE FROM auth_users_blocked WHERE blocked_at <= '2025-10-23 12:55:44.568'
2025-10-23 16:56:44 | DEBUG    | DB       |                     | [7.746ms] [rows:0] DELETE FROM auth_users_blocked WHERE blocked_at <= '2025-10-23 12:56:44.568'
2025-10-23 16:56:44 | DEBUG    | DB       |                     | [12.715ms] [rows:0] DELETE FROM auth_tokens WHERE expires_at < '2025-10-23 13:56:44.568'
2025-10-23 16:57:44 | DEBUG    | DB       |                     | [10.928ms] [rows:0] DELETE FROM auth_users_blocked WHERE blocked_at <= '2025-10-23 12:57:44.568'
2025-10-23 16:58:44 | DEBUG    | DB       |                     | [8.381ms] [rows:0] DELETE FROM auth_users_blocked WHERE blocked_at <= '2025-10-23 12:58:44.568'
2025-10-23 16:59:44 | DEBUG    | DB       |                     | [19.708ms] [rows:0] DELETE FROM auth_users_blocked WHERE blocked_at <= '2025-10-23 12:59:44.568'
2025-10-23 17:00:44 | DEBUG    | DB       |                     | [30.695ms] [rows:0] DELETE FROM auth_users_blocked WHERE blocked_at <= '2025-10-23 13:00:44.567'
2025-10-23 17:01:44 | DEBUG    | DB       |                     | [23.001ms] [rows:0] DELETE FROM auth_users_blocked WHERE blocked_at <= '2025-10-23 13:01:44.568'
2025-10-23 17:02:44 | DEBUG    | DB       |                     | [11.079ms] [rows:0] DELETE FROM auth_users_blocked WHERE blocked_at <= '2025-10-23 13:02:44.567'
2025-10-23 17:03:44 | DEBUG    | DB       |                     | [10.712ms] [rows:0] DELETE FROM auth_users_blocked WHERE blocked_at <= '2025-10-23 13:03:44.567'
2025-10-23 17:04:44 | DEBUG    | DB       |                     | [10.802ms] [rows:0] DELETE FROM auth_users_blocked WHERE blocked_at <= '2025-10-23 13:04:44.567'
2025-10-23 17:05:44 | DEBUG    | DB       |                     | [11.523ms] [rows:0] DELETE FROM auth_users_blocked WHERE blocked_at <= '2025-10-23 13:05:44.566'
2025-10-23 17:06:44 | DEBUG    | DB       |                     | [9.795ms] [rows:0] DELETE FROM auth_users_blocked WHERE blocked_at <= '2025-10-23 13:06:44.595'
2025-10-23 17:06:44 | DEBUG    | DB       |                     | [10.005ms] [rows:0] DELETE FROM auth_analytics_admins WHERE created_at < '2025-10-22 14:06:44.595'
2025-10-23 17:06:44 | DEBUG    | DB       |                     | [10.128ms] [rows:0] DELETE FROM auth_tokens WHERE expires_at < '2025-10-23 14:06:44.595'
2025-10-23 17:06:44 | DEBUG    | DB       |                     | [3.035ms] [rows:0] DELETE FROM auth_analytics_broker WHERE created_at < '2022-10-24 14:06:44.606'
2025-10-23 17:06:44 | DEBUG    | DB       |                     | [3.559ms] [rows:1] SELECT COUNT(*) FROM auth_analytics_admins
2025-10-23 17:06:44 | DEBUG    | DB       |                     | [3.186ms] [rows:1] SELECT COUNT(*) FROM auth_analytics_broker
2025-10-23 17:07:44 | DEBUG    | DB       |                     | [11.133ms] [rows:0] DELETE FROM auth_users_blocked WHERE blocked_at <= '2025-10-23 13:07:44.604'
2025-10-23 17:08:44 | DEBUG    | DB       |                     | [11.837ms] [rows:0] DELETE FROM auth_users_blocked WHERE blocked_at <= '2025-10-23 13:08:44.605'
2025-10-23 17:09:44 | DEBUG    | DB       |                     | [10.627ms] [rows:0] DELETE FROM auth_users_blocked WHERE blocked_at <= '2025-10-23 13:09:44.606'
2025-10-23 17:10:44 | DEBUG    | DB       |                     | [10.590ms] [rows:0] DELETE FROM auth_users_blocked WHERE blocked_at <= '2025-10-23 13:10:44.606'
2025-10-23 17:11:44 | DEBUG    | DB       |                     | [12.712ms] [rows:0] DELETE FROM auth_users_blocked WHERE blocked_at <= '2025-10-23 13:11:44.606'
2025-10-23 17:12:44 | DEBUG    | DB       |                     | [6.568ms] [rows:0] DELETE FROM auth_users_blocked WHERE blocked_at <= '2025-10-23 13:12:44.608'
2025-10-23 17:13:44 | DEBUG    | DB       |                     | [11.761ms] [rows:0] DELETE FROM auth_users_blocked WHERE blocked_at <= '2025-10-23 13:13:44.607'
2025-10-23 17:14:44 | DEBUG    | DB       |                     | [6.842ms] [rows:0] DELETE FROM auth_users_blocked WHERE blocked_at <= '2025-10-23 13:14:44.608'
2025-10-23 17:15:44 | DEBUG    | DB       |                     | [8.298ms] [rows:0] DELETE FROM auth_users_blocked WHERE blocked_at <= '2025-10-23 13:15:44.609'
2025-10-23 17:16:44 | DEBUG    | DB       |                     | [10.884ms] [rows:0] DELETE FROM auth_users_blocked WHERE blocked_at <= '2025-10-23 13:16:44.609'
2025-10-23 17:16:44 | DEBUG    | DB       |                     | [12.696ms] [rows:0] DELETE FROM auth_tokens WHERE expires_at < '2025-10-23 14:16:44.609'
2025-10-23 17:17:44 | DEBUG    | DB       |                     | [6.337ms] [rows:0] DELETE FROM auth_users_blocked WHERE blocked_at <= '2025-10-23 13:17:44.61'
2025-10-23 17:18:44 | DEBUG    | DB       |                     | [10.880ms] [rows:0] DELETE FROM auth_users_blocked WHERE blocked_at <= '2025-10-23 13:18:44.61'
2025-10-23 17:19:44 | DEBUG    | DB       |                     | [11.033ms] [rows:0] DELETE FROM auth_users_blocked WHERE blocked_at <= '2025-10-23 13:19:44.611'
2025-10-23 17:20:44 | DEBUG    | DB       |                     | [6.919ms] [rows:0] DELETE FROM auth_users_blocked WHERE blocked_at <= '2025-10-23 13:20:44.611'
2025-10-23 17:21:44 | DEBUG    | DB       |                     | [12.050ms] [rows:0] DELETE FROM auth_users_blocked WHERE blocked_at <= '2025-10-23 13:21:44.611'
2025-10-23 17:21:44 | DEBUG    | DB       |                     | [13.747ms] [rows:0] DELETE FROM auth_analytics_admins WHERE created_at < '2025-10-22 14:21:44.611'
2025-10-23 17:21:44 | DEBUG    | DB       |                     | [3.168ms] [rows:0] DELETE FROM auth_analytics_broker WHERE created_at < '2022-10-24 14:21:44.625'
2025-10-23 17:21:44 | DEBUG    | DB       |                     | [4.277ms] [rows:1] SELECT COUNT(*) FROM auth_analytics_admins
2025-10-23 17:21:44 | DEBUG    | DB       |                     | [4.807ms] [rows:1] SELECT COUNT(*) FROM auth_analytics_broker
2025-10-23 17:22:44 | DEBUG    | DB       |                     | [10.806ms] [rows:0] DELETE FROM auth_users_blocked WHERE blocked_at <= '2025-10-23 13:22:44.612'
2025-10-23 17:23:44 | DEBUG    | DB       |                     | [12.153ms] [rows:0] DELETE FROM auth_users_blocked WHERE blocked_at <= '2025-10-23 13:23:44.612'
2025-10-23 17:24:44 | DEBUG    | DB       |                     | [11.143ms] [rows:0] DELETE FROM auth_users_blocked WHERE blocked_at <= '2025-10-23 13:24:44.613'
2025-10-23 17:25:44 | DEBUG    | DB       |                     | [9.922ms] [rows:0] DELETE FROM auth_users_blocked WHERE blocked_at <= '2025-10-23 13:25:44.614'
2025-10-23 17:26:44 | DEBUG    | DB       |                     | [6.292ms] [rows:0] DELETE FROM auth_users_blocked WHERE blocked_at <= '2025-10-23 13:26:44.614'
2025-10-23 17:26:44 | DEBUG    | DB       |                     | [7.708ms] [rows:0] DELETE FROM auth_tokens WHERE expires_at < '2025-10-23 14:26:44.614'
2025-10-23 17:27:44 | DEBUG    | DB       |                     | [7.450ms] [rows:0] DELETE FROM auth_users_blocked WHERE blocked_at <= '2025-10-23 13:27:44.614'
2025-10-23 17:28:44 | DEBUG    | DB       |                     | [8.319ms] [rows:0] DELETE FROM auth_users_blocked WHERE blocked_at <= '2025-10-23 13:28:44.615'
2025-10-23 17:29:44 | DEBUG    | DB       |                     | [11.029ms] [rows:0] DELETE FROM auth_users_blocked WHERE blocked_at <= '2025-10-23 13:29:44.616'
2025-10-23 17:30:44 | DEBUG    | DB       |                     | [11.102ms] [rows:0] DELETE FROM auth_users_blocked WHERE blocked_at <= '2025-10-23 13:30:44.616'
2025-10-23 17:31:44 | DEBUG    | DB       |                     | [10.504ms] [rows:0] DELETE FROM auth_users_blocked WHERE blocked_at <= '2025-10-23 13:31:44.616'
2025-10-23 17:32:44 | DEBUG    | DB       |                     | [11.435ms] [rows:0] DELETE FROM auth_users_blocked WHERE blocked_at <= '2025-10-23 13:32:44.618'
2025-10-23 17:33:44 | DEBUG    | DB       |                     | [10.042ms] [rows:0] DELETE FROM auth_users_blocked WHERE blocked_at <= '2025-10-23 13:33:44.619'
2025-10-23 17:34:44 | DEBUG    | DB       |                     | [10.821ms] [rows:0] DELETE FROM auth_users_blocked WHERE blocked_at <= '2025-10-23 13:34:44.619'
2025-10-23 17:35:44 | DEBUG    | DB       |                     | [12.034ms] [rows:0] DELETE FROM auth_users_blocked WHERE blocked_at <= '2025-10-23 13:35:44.62'
2025-10-23 17:36:44 | DEBUG    | DB       |                     | [7.134ms] [rows:0] DELETE FROM auth_users_blocked WHERE blocked_at <= '2025-10-23 13:36:44.62'
2025-10-23 17:36:44 | DEBUG    | DB       |                     | [7.806ms] [rows:0] DELETE FROM auth_tokens WHERE expires_at < '2025-10-23 14:36:44.62'
2025-10-23 17:36:44 | DEBUG    | DB       |                     | [8.494ms] [rows:0] DELETE FROM auth_analytics_admins WHERE created_at < '2025-10-22 14:36:44.62'
2025-10-23 17:36:44 | DEBUG    | DB       |                     | [3.498ms] [rows:0] DELETE FROM auth_analytics_broker WHERE created_at < '2022-10-24 14:36:44.629'
2025-10-23 17:36:44 | DEBUG    | DB       |                     | [4.191ms] [rows:1] SELECT COUNT(*) FROM auth_analytics_admins
2025-10-23 17:36:44 | DEBUG    | DB       |                     | [2.815ms] [rows:1] SELECT COUNT(*) FROM auth_analytics_broker
2025-10-23 17:37:44 | DEBUG    | DB       |                     | [7.037ms] [rows:0] DELETE FROM auth_users_blocked WHERE blocked_at <= '2025-10-23 13:37:44.62'
2025-10-23 17:38:44 | DEBUG    | DB       |                     | [10.826ms] [rows:0] DELETE FROM auth_users_blocked WHERE blocked_at <= '2025-10-23 13:38:44.621'
2025-10-23 17:39:44 | DEBUG    | DB       |                     | [10.855ms] [rows:0] DELETE FROM auth_users_blocked WHERE blocked_at <= '2025-10-23 13:39:44.622'
2025-10-23 17:40:44 | DEBUG    | DB       |                     | [6.862ms] [rows:0] DELETE FROM auth_users_blocked WHERE blocked_at <= '2025-10-23 13:40:44.623'
2025-10-23 17:41:44 | DEBUG    | DB       |                     | [8.621ms] [rows:0] DELETE FROM auth_users_blocked WHERE blocked_at <= '2025-10-23 13:41:44.623'
2025-10-23 17:42:44 | DEBUG    | DB       |                     | [11.766ms] [rows:0] DELETE FROM auth_users_blocked WHERE blocked_at <= '2025-10-23 13:42:44.623'
2025-10-23 17:43:44 | DEBUG    | DB       |                     | [11.806ms] [rows:0] DELETE FROM auth_users_blocked WHERE blocked_at <= '2025-10-23 13:43:44.625'
2025-10-23 17:44:44 | DEBUG    | DB       |                     | [11.193ms] [rows:0] DELETE FROM auth_users_blocked WHERE blocked_at <= '2025-10-23 13:44:44.625'
2025-10-23 17:45:44 | DEBUG    | DB       |                     | [10.475ms] [rows:0] DELETE FROM auth_users_blocked WHERE blocked_at <= '2025-10-23 13:45:44.625'
2025-10-23 17:46:44 | DEBUG    | DB       |                     | [6.260ms] [rows:0] DELETE FROM auth_users_blocked WHERE blocked_at <= '2025-10-23 13:46:44.626'
2025-10-23 17:46:44 | DEBUG    | DB       |                     | [7.567ms] [rows:0] DELETE FROM auth_tokens WHERE expires_at < '2025-10-23 14:46:44.626'
2025-10-23 17:47:44 | DEBUG    | DB       |                     | [10.578ms] [rows:0] DELETE FROM auth_users_blocked WHERE blocked_at <= '2025-10-23 13:47:44.626'
2025-10-23 17:48:44 | DEBUG    | DB       |                     | [11.212ms] [rows:0] DELETE FROM auth_users_blocked WHERE blocked_at <= '2025-10-23 13:48:44.626'
2025-10-23 17:49:44 | DEBUG    | DB       |                     | [13.839ms] [rows:0] DELETE FROM auth_users_blocked WHERE blocked_at <= '2025-10-23 13:49:44.627'
2025-10-23 17:50:44 | DEBUG    | DB       |                     | [9.590ms] [rows:0] DELETE FROM auth_users_blocked WHERE blocked_at <= '2025-10-23 13:50:44.629'
2025-10-23 17:51:44 | DEBUG    | DB       |                     | [10.905ms] [rows:0] DELETE FROM auth_users_blocked WHERE blocked_at <= '2025-10-23 13:51:44.628'
2025-10-23 17:51:44 | DEBUG    | DB       |                     | [11.152ms] [rows:0] DELETE FROM auth_analytics_admins WHERE created_at < '2025-10-22 14:51:44.628'
2025-10-23 17:51:44 | DEBUG    | DB       |                     | [3.010ms] [rows:0] DELETE FROM auth_analytics_broker WHERE created_at < '2022-10-24 14:51:44.639'
2025-10-23 17:51:44 | DEBUG    | DB       |                     | [3.708ms] [rows:1] SELECT COUNT(*) FROM auth_analytics_admins
2025-10-23 17:51:44 | DEBUG    | DB       |                     | [3.423ms] [rows:1] SELECT COUNT(*) FROM auth_analytics_broker
2025-10-23 17:52:44 | DEBUG    | DB       |                     | [10.720ms] [rows:0] DELETE FROM auth_users_blocked WHERE blocked_at <= '2025-10-23 13:52:44.546'
2025-10-23 17:53:44 | DEBUG    | DB       |                     | [12.062ms] [rows:0] DELETE FROM auth_users_blocked WHERE blocked_at <= '2025-10-23 13:53:44.546'
2025-10-23 17:54:44 | DEBUG    | DB       |                     | [11.198ms] [rows:0] DELETE FROM auth_users_blocked WHERE blocked_at <= '2025-10-23 13:54:44.545'
2025-10-23 17:55:44 | DEBUG    | DB       |                     | [10.721ms] [rows:0] DELETE FROM auth_users_blocked WHERE blocked_at <= '2025-10-23 13:55:44.544'
2025-10-23 17:56:44 | DEBUG    | DB       |                     | [9.022ms] [rows:0] DELETE FROM auth_users_blocked WHERE blocked_at <= '2025-10-23 13:56:44.544'
2025-10-23 17:56:44 | DEBUG    | DB       |                     | [10.012ms] [rows:0] DELETE FROM auth_tokens WHERE expires_at < '2025-10-23 14:56:44.544'
2025-10-23 17:57:44 | DEBUG    | DB       |                     | [12.434ms] [rows:0] DELETE FROM auth_users_blocked WHERE blocked_at <= '2025-10-23 13:57:44.543'
2025-10-23 17:58:22 | DEBUG    | DB       |       1761231502270 | [7.248ms] [rows:1] SELECT * FROM "auth_user_roles" WHERE "auth_user_roles"."user_id" = 1024
2025-10-23 17:58:22 | DEBUG    | DB       |       1761231502270 | [8.459ms] [rows:10] SELECT * FROM "auth_permissions" WHERE "auth_permissions"."id" IN (1,2,3,4,5,6,7,8,9,10)
2025-10-23 17:58:22 | DEBUG    | DB       |       1761231502270 | [16.422ms] [rows:10] SELECT * FROM "auth_role_permissions" WHERE "auth_role_permissions"."role_id" = 1
2025-10-23 17:58:22 | DEBUG    | DB       |       1761231502270 | [23.407ms] [rows:1] SELECT * FROM "auth_roles" WHERE "auth_roles"."id" = 1
2025-10-23 17:58:22 | DEBUG    | DB       |       1761231502270 | [44.408ms] [rows:1] SELECT * FROM "auth_users" WHERE id = 1024 ORDER BY "auth_users"."id" LIMIT 1
2025-10-23 17:58:22 | ERROR    | HTTP     |       1761231502270 | user_id=1024 |  401 |   49.062458ms |       127.0.0.1 | PATCH    "/api/v1/configs/audit" Ошибка аутентификации->Срок действия токена истек ⇢ Request JSON: {"db":{"admin":{"max_age_days":1,"max_count":20,"percentage_of_delete":10},"broker":{"log_disabled":false,"max_age_days":1095,"max_count":1000000,"percentage_of_delete":1}},"file":{"compress":true,"max_age_days":1095,"max_backups":10,"max_size_mb":20,"syslog":[]}} ⇠ Response JSON: {"id":"unauthenticated_error","text":"Ошибка аутентификации"}
2025-10-23 17:58:23 | DEBUG    | DB       |       1761231503900 | [3.506ms] [rows:1] SELECT * FROM "auth_user_roles" WHERE "auth_user_roles"."user_id" = 1024
2025-10-23 17:58:23 | DEBUG    | DB       |       1761231503900 | [4.106ms] [rows:1] SELECT * FROM "auth_roles" WHERE "auth_roles"."id" = 1
2025-10-23 17:58:23 | DEBUG    | DB       |       1761231503900 | [17.302ms] [rows:1] SELECT * FROM "auth_users" WHERE login = 'admin' ORDER BY "auth_users"."id" LIMIT 1
2025-10-23 17:58:23 | DEBUG    | DB       |       1761231503900 | [11.478ms] [rows:0] SELECT * FROM "auth_users_blocked" WHERE user_id = 1024 ORDER BY "auth_users_blocked"."user_id" LIMIT 1
2025-10-23 17:58:24 | DEBUG    | DB       |       1761231503900 | [7.635ms] [rows:1] INSERT INTO "auth_tokens" ("user_id","device_id","token","logged_at","updated_at","expires_at","provider") VALUES (1024,4,'d3t4541d2u2mj275ff20','2025-10-23 14:58:24.023','2025-10-23 14:58:24.023','2025-10-23 22:58:24.023',NULL) ON CONFLICT ("user_id","device_id") DO UPDATE SET "token"="excluded"."token","expires_at"="excluded"."expires_at","updated_at"="excluded"."updated_at","provider"="excluded"."provider" RETURNING *
2025-10-23 17:58:24 | DEBUG    | DB       |       1761231503900 | [3.983ms] [rows:1] SELECT * FROM "auth_user_roles" WHERE "auth_user_roles"."user_id" = 1024
2025-10-23 17:58:24 | DEBUG    | DB       |       1761231503900 | [3.596ms] [rows:10] SELECT * FROM "auth_permissions" WHERE "auth_permissions"."id" IN (1,2,3,4,5,6,7,8,9,10)
2025-10-23 17:58:24 | DEBUG    | DB       |       1761231503900 | [7.369ms] [rows:10] SELECT * FROM "auth_role_permissions" WHERE "auth_role_permissions"."role_id" = 1
2025-10-23 17:58:24 | DEBUG    | DB       |       1761231503900 | [10.966ms] [rows:1] SELECT * FROM "auth_roles" WHERE "auth_roles"."id" = 1
2025-10-23 17:58:24 | DEBUG    | DB       |       1761231503900 | [17.953ms] [rows:1] SELECT * FROM "auth_users" WHERE id = 1024 ORDER BY "auth_users"."id" LIMIT 1
2025-10-23 17:58:24 | DEBUG    | DB       |       1761231503900 | [7.534ms] [rows:1] SELECT * FROM "auth_profiles" WHERE user_id = 1024 ORDER BY "auth_profiles"."id" LIMIT 1
2025-10-23 17:58:24 | INFO     | HTTP     |       1761231503900 | user_id=1024 |  200 |  165.190042ms |       127.0.0.1 | POST     "/api/v1/auth/login"  ⇢ Request JSON: {"device_id":4,"login":"admin","password":"****"} ⇠ Response JSON: {"accessToken":"****","expires":28800,"refreshToken":"****","token_type":"****","user":{"email":null,"first_name":"Admin","id":1024,"last_name":null,"login":"admin","phone":null,"profile":{"address":"Moscow","age":null,"height":null},"roles":[{"exec":["stream","query-history","auth/users","auth/sessions","auth/analytics","news","auth/roles","configs","tasks","auth/users-blocked"],"id":1,"is_system":true,"name":"SuperAdmin","read":["stream","query-history","auth/users","auth/sessions","auth/analytics","news","auth/roles","configs","tasks","auth/users-blocked"],"write":["stream","query-history","auth/users","auth/sessions","auth/analytics","news","auth/roles","configs","tasks","auth/users-blocked"]}],"second_name":null},"user_id":1024}
2025-10-23 17:58:24 | DEBUG    | DB       |       1761231503899 | [7.189ms] [rows:0] SELECT * FROM "auth_config_files" WHERE "auth_config_files"."config_key" = 'audit'
2025-10-23 17:58:24 | DEBUG    | DB       |       1761231503899 | [15.070ms] [rows:1] SELECT * FROM "auth_configs" WHERE key = 'audit' ORDER BY "auth_configs"."key" LIMIT 1
2025-10-23 17:58:24 | DEBUG    | DB       |       1761231503899 | [8.948ms] [rows:1] UPDATE "auth_configs" SET "value"='{"file":{"max_size_mb":20,"max_backups":10,"max_age_days":1095,"compress":true,"syslog":[]},"db":{"admin":{"max_age_days":1,"max_count":20,"percentage_of_delete":10,"logger_disabled":false},"broker":{"max_age_days":1095,"max_count":1000000,"percentage_of_delete":1,"logger_disabled":false}}}',"updated_at"='2025-10-23 17:58:24.104' WHERE key = 'audit'
2025-10-23 17:58:24 | INFO     | HTTP     |       1761231503899 | user_id=1024 |  200 |   35.530083ms |       127.0.0.1 | PATCH    "/api/v1/configs/audit"  ⇢ Request JSON: {"db":{"admin":{"max_age_days":1,"max_count":20,"percentage_of_delete":10},"broker":{"log_disabled":false,"max_age_days":1095,"max_count":1000000,"percentage_of_delete":1}},"file":{"compress":true,"max_age_days":1095,"max_backups":10,"max_size_mb":20,"syslog":[]}}
2025-10-23 17:58:24 | DEBUG    | DB       |       1761231504535 | [11.961ms] [rows:3] INSERT INTO "auth_analytics_admins" ("operation_id","path","method","status_code","client_ip","request_body","response_body","created_at","user_id","login","name","error","action") VALUES ('1761231502270','/api/v1/configs/audit','PATCH',401,'127.0.0.1','<binary>','<binary>','2025-10-23 14:58:22.28',1024,'admin','Admin','Ошибка аутентификации','Неверный токен доступа'),('1761231503900','/api/v1/auth/login','POST',200,'127.0.0.1','<binary>','<binary>','2025-10-23 14:58:23.909',1024,'admin','Admin',NULL,'Вход администратора в систему'),('1761231503899','/api/v1/configs/audit','PATCH',200,'127.0.0.1','<binary>','','2025-10-23 14:58:24.086',1024,'admin','Admin',NULL,'Изменение настроек аудита') RETURNING *
2025-10-23 17:58:44 | DEBUG    | DB       |                     | [5.349ms] [rows:0] DELETE FROM auth_users_blocked WHERE blocked_at <= '2025-10-23 13:58:44.542'
2025-10-23 17:59:44 | DEBUG    | DB       |                     | [6.364ms] [rows:0] DELETE FROM auth_users_blocked WHERE blocked_at <= '2025-10-23 13:59:44.541'
2025-10-23 18:00:44 | DEBUG    | DB       |                     | [6.647ms] [rows:0] DELETE FROM auth_users_blocked WHERE blocked_at <= '2025-10-23 14:00:44.541'
2025-10-23 18:01:44 | DEBUG    | DB       |                     | [11.069ms] [rows:0] DELETE FROM auth_users_blocked WHERE blocked_at <= '2025-10-23 14:01:44.54'
2025-10-23 18:02:44 | DEBUG    | DB       |                     | [6.328ms] [rows:0] DELETE FROM auth_users_blocked WHERE blocked_at <= '2025-10-23 14:02:44.539'
2025-10-23 18:03:44 | DEBUG    | DB       |                     | [11.984ms] [rows:0] DELETE FROM auth_users_blocked WHERE blocked_at <= '2025-10-23 14:03:44.538'
2025-10-23 18:04:44 | DEBUG    | DB       |                     | [10.538ms] [rows:0] DELETE FROM auth_users_blocked WHERE blocked_at <= '2025-10-23 14:04:44.537'
2025-10-23 18:05:44 | DEBUG    | DB       |                     | [11.061ms] [rows:0] DELETE FROM auth_users_blocked WHERE blocked_at <= '2025-10-23 14:05:44.537'
2025-10-23 18:06:44 | DEBUG    | DB       |                     | [10.953ms] [rows:0] DELETE FROM auth_users_blocked WHERE blocked_at <= '2025-10-23 14:06:44.536'
2025-10-23 18:06:44 | DEBUG    | DB       |                     | [12.406ms] [rows:0] DELETE FROM auth_tokens WHERE expires_at < '2025-10-23 15:06:44.536'
2025-10-23 18:06:44 | DEBUG    | DB       |                     | [12.495ms] [rows:0] DELETE FROM auth_analytics_admins WHERE created_at < '2025-10-22 15:06:44.536'
2025-10-23 18:06:44 | DEBUG    | DB       |                     | [2.700ms] [rows:0] DELETE FROM auth_analytics_broker WHERE created_at < '2022-10-24 15:06:44.549'
2025-10-23 18:06:44 | DEBUG    | DB       |                     | [5.771ms] [rows:1] SELECT COUNT(*) FROM auth_analytics_admins
2025-10-23 18:06:44 | DEBUG    | DB       |                     | [9.098ms] [rows:2] DELETE FROM auth_analytics_admins 							WHERE id IN ( 								SELECT id 								FROM auth_analytics_admins 								ORDER BY created_at ASC 								LIMIT 2 						);
2025-10-23 18:06:44 | DEBUG    | DB       |                     | [3.297ms] [rows:1] SELECT COUNT(*) FROM auth_analytics_broker
2025-10-23 18:07:44 | DEBUG    | DB       |                     | [11.806ms] [rows:0] DELETE FROM auth_users_blocked WHERE blocked_at <= '2025-10-23 14:07:44.535'
2025-10-23 18:08:44 | DEBUG    | DB       |                     | [9.892ms] [rows:0] DELETE FROM auth_users_blocked WHERE blocked_at <= '2025-10-23 14:08:44.535'
2025-10-23 18:09:44 | DEBUG    | DB       |                     | [10.182ms] [rows:0] DELETE FROM auth_users_blocked WHERE blocked_at <= '2025-10-23 14:09:44.534'
2025-10-23 18:10:44 | DEBUG    | DB       |                     | [14.723ms] [rows:0] DELETE FROM auth_users_blocked WHERE blocked_at <= '2025-10-23 14:10:44.533'
2025-10-23 18:11:44 | DEBUG    | DB       |                     | [10.951ms] [rows:0] DELETE FROM auth_users_blocked WHERE blocked_at <= '2025-10-23 14:11:44.533'
2025-10-23 18:12:44 | DEBUG    | DB       |                     | [12.007ms] [rows:0] DELETE FROM auth_users_blocked WHERE blocked_at <= '2025-10-23 14:12:44.532'
2025-10-23 18:13:44 | DEBUG    | DB       |                     | [11.286ms] [rows:0] DELETE FROM auth_users_blocked WHERE blocked_at <= '2025-10-23 14:13:44.53'
2025-10-23 18:14:44 | DEBUG    | DB       |                     | [11.023ms] [rows:0] DELETE FROM auth_users_blocked WHERE blocked_at <= '2025-10-23 14:14:44.53'
2025-10-23 18:15:44 | DEBUG    | DB       |                     | [11.395ms] [rows:0] DELETE FROM auth_users_blocked WHERE blocked_at <= '2025-10-23 14:15:44.53'
2025-10-23 18:16:44 | DEBUG    | DB       |                     | [12.759ms] [rows:0] DELETE FROM auth_users_blocked WHERE blocked_at <= '2025-10-23 14:16:44.528'
2025-10-23 18:16:44 | DEBUG    | DB       |                     | [12.691ms] [rows:0] DELETE FROM auth_tokens WHERE expires_at < '2025-10-23 15:16:44.528'
2025-10-23 18:17:44 | DEBUG    | DB       |                     | [11.082ms] [rows:0] DELETE FROM auth_users_blocked WHERE blocked_at <= '2025-10-23 14:17:44.603'
2025-10-23 18:18:44 | DEBUG    | DB       |                     | [9.043ms] [rows:0] DELETE FROM auth_users_blocked WHERE blocked_at <= '2025-10-23 14:18:44.604'
2025-10-23 18:19:44 | DEBUG    | DB       |                     | [11.967ms] [rows:0] DELETE FROM auth_users_blocked WHERE blocked_at <= '2025-10-23 14:19:44.604'
2025-10-23 18:20:44 | DEBUG    | DB       |                     | [11.282ms] [rows:0] DELETE FROM auth_users_blocked WHERE blocked_at <= '2025-10-23 14:20:44.604'
2025-10-23 18:21:44 | DEBUG    | DB       |                     | [11.232ms] [rows:0] DELETE FROM auth_users_blocked WHERE blocked_at <= '2025-10-23 14:21:44.604'
2025-10-23 18:21:44 | DEBUG    | DB       |                     | [13.169ms] [rows:0] DELETE FROM auth_analytics_admins WHERE created_at < '2025-10-22 15:21:44.604'
2025-10-23 18:21:44 | DEBUG    | DB       |                     | [2.607ms] [rows:0] DELETE FROM auth_analytics_broker WHERE created_at < '2022-10-24 15:21:44.617'
2025-10-23 18:21:44 | DEBUG    | DB       |                     | [3.612ms] [rows:1] SELECT COUNT(*) FROM auth_analytics_admins
2025-10-23 18:21:44 | DEBUG    | DB       |                     | [3.425ms] [rows:1] SELECT COUNT(*) FROM auth_analytics_broker
2025-10-23 18:22:44 | DEBUG    | DB       |                     | [8.482ms] [rows:0] DELETE FROM auth_users_blocked WHERE blocked_at <= '2025-10-23 14:22:44.605'
2025-10-23 18:23:44 | DEBUG    | DB       |                     | [11.359ms] [rows:0] DELETE FROM auth_users_blocked WHERE blocked_at <= '2025-10-23 14:23:44.605'
2025-10-23 18:24:44 | DEBUG    | DB       |                     | [10.745ms] [rows:0] DELETE FROM auth_users_blocked WHERE blocked_at <= '2025-10-23 14:24:44.605'
2025-10-23 18:25:44 | DEBUG    | DB       |                     | [13.926ms] [rows:0] DELETE FROM auth_users_blocked WHERE blocked_at <= '2025-10-23 14:25:44.606'
2025-10-23 18:26:44 | DEBUG    | DB       |                     | [6.651ms] [rows:0] DELETE FROM auth_users_blocked WHERE blocked_at <= '2025-10-23 14:26:44.607'
2025-10-23 18:26:44 | DEBUG    | DB       |                     | [8.373ms] [rows:0] DELETE FROM auth_tokens WHERE expires_at < '2025-10-23 15:26:44.607'
2025-10-23 18:27:44 | DEBUG    | DB       |                     | [11.681ms] [rows:0] DELETE FROM auth_users_blocked WHERE blocked_at <= '2025-10-23 14:27:44.608'
2025-10-23 18:28:44 | DEBUG    | DB       |                     | [11.016ms] [rows:0] DELETE FROM auth_users_blocked WHERE blocked_at <= '2025-10-23 14:28:44.608'
2025-10-23 18:29:44 | DEBUG    | DB       |                     | [6.990ms] [rows:0] DELETE FROM auth_users_blocked WHERE blocked_at <= '2025-10-23 14:29:44.609'
2025-10-23 18:30:44 | DEBUG    | DB       |                     | [16.368ms] [rows:0] DELETE FROM auth_users_blocked WHERE blocked_at <= '2025-10-23 14:30:44.609'
2025-10-23 18:31:44 | DEBUG    | DB       |                     | [8.183ms] [rows:0] DELETE FROM auth_users_blocked WHERE blocked_at <= '2025-10-23 14:31:44.61'
2025-10-23 18:32:44 | DEBUG    | DB       |                     | [11.562ms] [rows:0] DELETE FROM auth_users_blocked WHERE blocked_at <= '2025-10-23 14:32:44.61'
2025-10-23 18:33:44 | DEBUG    | DB       |                     | [12.038ms] [rows:0] DELETE FROM auth_users_blocked WHERE blocked_at <= '2025-10-23 14:33:44.61'
2025-10-23 18:34:44 | DEBUG    | DB       |                     | [11.807ms] [rows:0] DELETE FROM auth_users_blocked WHERE blocked_at <= '2025-10-23 14:34:44.611'
2025-10-23 18:35:44 | DEBUG    | DB       |                     | [11.085ms] [rows:0] DELETE FROM auth_users_blocked WHERE blocked_at <= '2025-10-23 14:35:44.612'
2025-10-23 18:36:44 | DEBUG    | DB       |                     | [11.398ms] [rows:0] DELETE FROM auth_users_blocked WHERE blocked_at <= '2025-10-23 14:36:44.612'
2025-10-23 18:36:44 | DEBUG    | DB       |                     | [11.995ms] [rows:0] DELETE FROM auth_tokens WHERE expires_at < '2025-10-23 15:36:44.612'
2025-10-23 18:36:44 | DEBUG    | DB       |                     | [12.471ms] [rows:0] DELETE FROM auth_analytics_admins WHERE created_at < '2025-10-22 15:36:44.612'
2025-10-23 18:36:44 | DEBUG    | DB       |                     | [4.121ms] [rows:0] DELETE FROM auth_analytics_broker WHERE created_at < '2022-10-24 15:36:44.624'
2025-10-23 18:36:44 | DEBUG    | DB       |                     | [4.398ms] [rows:1] SELECT COUNT(*) FROM auth_analytics_admins
2025-10-23 18:36:44 | DEBUG    | DB       |                     | [4.337ms] [rows:1] SELECT COUNT(*) FROM auth_analytics_broker
2025-10-23 18:37:44 | DEBUG    | DB       |                     | [9.379ms] [rows:0] DELETE FROM auth_users_blocked WHERE blocked_at <= '2025-10-23 14:37:44.612'
2025-10-23 18:38:44 | DEBUG    | DB       |                     | [6.623ms] [rows:0] DELETE FROM auth_users_blocked WHERE blocked_at <= '2025-10-23 14:38:44.611'
2025-10-23 18:39:44 | DEBUG    | DB       |                     | [6.396ms] [rows:0] DELETE FROM auth_users_blocked WHERE blocked_at <= '2025-10-23 14:39:44.613'
2025-10-23 18:40:44 | DEBUG    | DB       |                     | [11.532ms] [rows:0] DELETE FROM auth_users_blocked WHERE blocked_at <= '2025-10-23 14:40:44.613'
2025-10-23 20:44:53 | ERROR    | DB       |                     | failed to connect to `user=broker database=example`: 172.30.30.236:5432 (172.30.30.236): dial error: timeout: dial tcp 172.30.30.236:5432: connect: operation timed out [58417.532ms] [rows:0] DELETE FROM auth_users_blocked WHERE blocked_at <= '2025-10-23 16:12:13.756'
2025-10-23 20:46:28 | ERROR    | DB       |                     | failed to connect to `user=broker database=example`: 172.30.30.236:5432 (172.30.30.236): dial error: timeout: dial tcp 172.30.30.236:5432: connect: operation timed out [93070.274ms] [rows:0] DELETE FROM auth_users_blocked WHERE blocked_at <= '2025-10-23 16:44:55.392'
2025-10-23 21:24:28 | ERROR    | DB       |                     | failed to connect to `user=broker database=example`: 172.30.30.236:5432 (172.30.30.236): dial error: timeout: dial tcp 172.30.30.236:5432: connect: operation timed out [67012.517ms] [rows:0] DELETE FROM auth_users_blocked WHERE blocked_at <= '2025-10-23 16:46:28.463'
2025-10-23 21:40:53 | ERROR    | DB       |                     | failed to connect to `user=broker database=example`: 172.30.30.236:5432 (172.30.30.236): dial error: timeout: dial tcp 172.30.30.236:5432: connect: operation timed out [67022.068ms] [rows:0] DELETE FROM auth_users_blocked WHERE blocked_at <= '2025-10-23 17:24:28.987'
2025-10-23 21:53:53 | ERROR    | DB       |                     | failed to connect to `user=broker database=example`: 172.30.30.236:5432 (172.30.30.236): dial error: timeout: dial tcp 172.30.30.236:5432: connect: operation timed out [19013.731ms] [rows:0] DELETE FROM auth_users_blocked WHERE blocked_at <= '2025-10-23 17:40:53.813'
2025-10-23 22:09:20 | ERROR    | DB       |                     | failed to connect to `user=broker database=example`: 172.30.30.236:5432 (172.30.30.236): dial error: timeout: dial tcp 172.30.30.236:5432: connect: operation timed out [7007.440ms] [rows:0] DELETE FROM auth_tokens WHERE expires_at < '2025-10-23 18:53:47.52'
2025-10-23 22:25:54 | ERROR    | DB       |                     | failed to connect to `user=broker database=example`: 172.30.30.236:5432 (172.30.30.236): dial error: timeout: dial tcp 172.30.30.236:5432: connect: operation timed out [67012.479ms] [rows:0] DELETE FROM auth_users_blocked WHERE blocked_at <= '2025-10-23 17:53:53.644'
2025-10-23 22:41:53 | ERROR    | DB       |                     | failed to connect to `user=broker database=example`: 172.30.30.236:5432 (172.30.30.236): dial error: timeout: dial tcp 172.30.30.236:5432: connect: operation timed out [35013.780ms] [rows:0] DELETE FROM auth_users_blocked WHERE blocked_at <= '2025-10-23 18:25:54.741'
2025-10-23 22:54:48 | ERROR    | DB       |                     | failed to connect to `user=broker database=example`: 172.30.30.236:5432 (172.30.30.236): dial error: timeout: dial tcp 172.30.30.236:5432: connect: operation timed out [19012.868ms] [rows:0] DELETE FROM auth_users_blocked WHERE blocked_at <= '2025-10-23 18:42:05.75'
2025-10-23 23:26:39 | ERROR    | DB       |                     | failed to connect to `user=broker database=example`: 172.30.30.236:5432 (172.30.30.236): dial error: timeout: dial tcp 172.30.30.236:5432: connect: operation timed out [19012.605ms] [rows:0] DELETE FROM auth_users_blocked WHERE blocked_at <= '2025-10-23 19:10:55.467'
2025-10-23 23:48:02 | ERROR    | DB       |                     | failed to connect to `user=broker database=example`: 172.30.30.236:5432 (172.30.30.236): dial error: timeout: dial tcp 172.30.30.236:5432: connect: operation timed out [75000.357ms] [rows:0] DELETE FROM auth_users_blocked WHERE blocked_at <= '2025-10-23 19:42:21.975'
2025-10-23 23:49:02 | ERROR    | DB       |                     | failed to connect to `user=broker database=example`: 172.30.30.236:5432 (172.30.30.236): dial error: timeout: dial tcp 172.30.30.236:5432: connect: operation timed out [75004.916ms] [rows:0] DELETE FROM auth_analytics_admins WHERE created_at < '2025-10-22 20:47:47.027'
2025-10-23 23:49:17 | ERROR    | DB       |                     | failed to connect to `user=broker database=example`: 172.30.30.236:5432 (172.30.30.236): dial error: timeout: dial tcp 172.30.30.236:5432: connect: operation timed out [74999.759ms] [rows:0] DELETE FROM auth_users_blocked WHERE blocked_at <= '2025-10-23 19:48:02.029'
2025-10-23 23:50:17 | ERROR    | DB       |                     | failed to connect to `user=broker database=example`: 172.30.30.236:5432 (172.30.30.236): dial error: timeout: dial tcp 172.30.30.236:5432: connect: operation timed out [75001.483ms] [rows:0] DELETE FROM auth_analytics_broker WHERE created_at < '2022-10-24 20:49:02.033'
2025-10-23 23:50:32 | ERROR    | DB       |                     | failed to connect to `user=broker database=example`: 172.30.30.236:5432 (172.30.30.236): dial error: timeout: dial tcp 172.30.30.236:5432: connect: operation timed out [75000.314ms] [rows:0] DELETE FROM auth_users_blocked WHERE blocked_at <= '2025-10-23 19:49:17.029'
2025-10-23 23:51:32 | ERROR    | DB       |                     | failed to connect to `user=broker database=example`: 172.30.30.236:5432 (172.30.30.236): dial error: timeout: dial tcp 172.30.30.236:5432: connect: operation timed out [75002.713ms] [rows:-] SELECT COUNT(*) FROM auth_analytics_admins
2025-10-23 23:51:47 | ERROR    | DB       |                     | failed to connect to `user=broker database=example`: 172.30.30.236:5432 (172.30.30.236): dial error: timeout: dial tcp 172.30.30.236:5432: connect: operation timed out [74999.729ms] [rows:0] DELETE FROM auth_users_blocked WHERE blocked_at <= '2025-10-23 19:50:32.029'
2025-10-23 23:52:47 | ERROR    | DB       |                     | failed to connect to `user=broker database=example`: 172.30.30.236:5432 (172.30.30.236): dial error: timeout: dial tcp 172.30.30.236:5432: connect: operation timed out [75001.700ms] [rows:-] SELECT COUNT(*) FROM auth_analytics_broker
2025-10-23 23:53:02 | ERROR    | DB       |                     | failed to connect to `user=broker database=example`: 172.30.30.236:5432 (172.30.30.236): dial error: timeout: dial tcp 172.30.30.236:5432: connect: operation timed out [75000.624ms] [rows:0] DELETE FROM auth_users_blocked WHERE blocked_at <= '2025-10-23 19:51:47.029'
2025-10-23 23:54:02 | ERROR    | DB       |                     | failed to connect to `user=broker database=example`: 172.30.30.236:5432 (172.30.30.236): dial error: timeout: dial tcp 172.30.30.236:5432: connect: operation timed out [75004.397ms] [rows:0] DELETE FROM auth_tokens WHERE expires_at < '2025-10-23 20:52:47.026'
2025-10-23 23:54:17 | ERROR    | DB       |                     | failed to connect to `user=broker database=example`: 172.30.30.236:5432 (172.30.30.236): dial error: timeout: dial tcp 172.30.30.236:5432: connect: operation timed out [75001.480ms] [rows:0] DELETE FROM auth_users_blocked WHERE blocked_at <= '2025-10-23 19:53:02.03'
2025-10-23 23:55:32 | ERROR    | DB       |                     | failed to connect to `user=broker database=example`: 172.30.30.236:5432 (172.30.30.236): dial error: timeout: dial tcp 172.30.30.236:5432: connect: operation timed out [75000.872ms] [rows:0] DELETE FROM auth_users_blocked WHERE blocked_at <= '2025-10-23 19:54:17.032'
2025-10-23 23:56:47 | ERROR    | DB       |                     | failed to connect to `user=broker database=example`: 172.30.30.236:5432 (172.30.30.236): dial error: timeout: dial tcp 172.30.30.236:5432: connect: operation timed out [75002.075ms] [rows:0] DELETE FROM auth_users_blocked WHERE blocked_at <= '2025-10-23 19:55:32.033'
2025-10-23 23:58:02 | ERROR    | DB       |                     | failed to connect to `user=broker database=example`: 172.30.30.236:5432 (172.30.30.236): dial error: timeout: dial tcp 172.30.30.236:5432: connect: operation timed out [75001.443ms] [rows:0] DELETE FROM auth_users_blocked WHERE blocked_at <= '2025-10-23 19:56:47.035'
2025-10-23 23:59:17 | ERROR    | DB       |                     | failed to connect to `user=broker database=example`: 172.30.30.236:5432 (172.30.30.236): dial error: timeout: dial tcp 172.30.30.236:5432: connect: operation timed out [75000.849ms] [rows:0] DELETE FROM auth_users_blocked WHERE blocked_at <= '2025-10-23 19:58:02.036'
2025-10-24 00:00:32 | ERROR    | DB       |                     | failed to connect to `user=broker database=example`: 172.30.30.236:5432 (172.30.30.236): dial error: timeout: dial tcp 172.30.30.236:5432: connect: operation timed out [75001.888ms] [rows:0] DELETE FROM auth_users_blocked WHERE blocked_at <= '2025-10-23 19:59:17.038'
2025-10-24 00:01:47 | ERROR    | DB       |                     | failed to connect to `user=broker database=example`: 172.30.30.236:5432 (172.30.30.236): dial error: timeout: dial tcp 172.30.30.236:5432: connect: operation timed out [75001.745ms] [rows:0] DELETE FROM auth_users_blocked WHERE blocked_at <= '2025-10-23 20:00:32.041'
2025-10-24 00:03:02 | ERROR    | DB       |                     | failed to connect to `user=broker database=example`: 172.30.30.236:5432 (172.30.30.236): dial error: timeout: dial tcp 172.30.30.236:5432: connect: operation timed out [75001.422ms] [rows:0] DELETE FROM auth_users_blocked WHERE blocked_at <= '2025-10-23 20:01:47.043'
2025-10-24 00:04:02 | ERROR    | DB       |                     | failed to connect to `user=broker database=example`: 172.30.30.236:5432 (172.30.30.236): dial error: timeout: dial tcp 172.30.30.236:5432: connect: operation timed out [75002.983ms] [rows:0] DELETE FROM auth_analytics_admins WHERE created_at < '2025-10-22 21:02:47.025'
2025-10-24 00:04:02 | ERROR    | DB       |                     | failed to connect to `user=broker database=example`: 172.30.30.236:5432 (172.30.30.236): dial error: timeout: dial tcp 172.30.30.236:5432: connect: operation timed out [75002.939ms] [rows:0] DELETE FROM auth_tokens WHERE expires_at < '2025-10-23 21:02:47.025'
2025-10-24 00:04:17 | ERROR    | DB       |                     | failed to connect to `user=broker database=example`: 172.30.30.236:5432 (172.30.30.236): dial error: timeout: dial tcp 172.30.30.236:5432: connect: operation timed out [75001.581ms] [rows:0] DELETE FROM auth_users_blocked WHERE blocked_at <= '2025-10-23 20:03:02.046'
2025-10-24 00:05:17 | ERROR    | DB       |                     | failed to connect to `user=broker database=example`: 172.30.30.236:5432 (172.30.30.236): dial error: timeout: dial tcp 172.30.30.236:5432: connect: operation timed out [75001.829ms] [rows:0] DELETE FROM auth_analytics_broker WHERE created_at < '2022-10-24 21:04:02.028'
2025-10-24 00:05:32 | ERROR    | DB       |                     | failed to connect to `user=broker database=example`: 172.30.30.236:5432 (172.30.30.236): dial error: timeout: dial tcp 172.30.30.236:5432: connect: operation timed out [75000.456ms] [rows:0] DELETE FROM auth_users_blocked WHERE blocked_at <= '2025-10-23 20:04:17.048'
2025-10-24 00:06:32 | ERROR    | DB       |                     | failed to connect to `user=broker database=example`: 172.30.30.236:5432 (172.30.30.236): dial error: timeout: dial tcp 172.30.30.236:5432: connect: operation timed out [75002.221ms] [rows:-] SELECT COUNT(*) FROM auth_analytics_admins
2025-10-24 00:06:47 | ERROR    | DB       |                     | failed to connect to `user=broker database=example`: 172.30.30.236:5432 (172.30.30.236): dial error: timeout: dial tcp 172.30.30.236:5432: connect: operation timed out [75000.554ms] [rows:0] DELETE FROM auth_users_blocked WHERE blocked_at <= '2025-10-23 20:05:32.083'
2025-10-24 00:07:47 | ERROR    | DB       |                     | failed to connect to `user=broker database=example`: 172.30.30.236:5432 (172.30.30.236): dial error: timeout: dial tcp 172.30.30.236:5432: connect: operation timed out [75001.477ms] [rows:-] SELECT COUNT(*) FROM auth_analytics_broker
2025-10-24 00:08:02 | ERROR    | DB       |                     | failed to connect to `user=broker database=example`: 172.30.30.236:5432 (172.30.30.236): dial error: timeout: dial tcp 172.30.30.236:5432: connect: operation timed out [75002.040ms] [rows:0] DELETE FROM auth_users_blocked WHERE blocked_at <= '2025-10-23 20:06:47.089'
2025-10-24 00:09:17 | ERROR    | DB       |                     | failed to connect to `user=broker database=example`: 172.30.30.236:5432 (172.30.30.236): dial error: timeout: dial tcp 172.30.30.236:5432: connect: operation timed out [75002.294ms] [rows:0] DELETE FROM auth_users_blocked WHERE blocked_at <= '2025-10-23 20:08:02.093'
2025-10-24 00:10:32 | ERROR    | DB       |                     | failed to connect to `user=broker database=example`: 172.30.30.236:5432 (172.30.30.236): dial error: timeout: dial tcp 172.30.30.236:5432: connect: operation timed out [74999.911ms] [rows:0] DELETE FROM auth_users_blocked WHERE blocked_at <= '2025-10-23 20:09:17.097'
2025-10-24 00:11:47 | ERROR    | DB       |                     | failed to connect to `user=broker database=example`: 172.30.30.236:5432 (172.30.30.236): dial error: timeout: dial tcp 172.30.30.236:5432: connect: operation timed out [75001.615ms] [rows:0] DELETE FROM auth_users_blocked WHERE blocked_at <= '2025-10-23 20:10:32.098'
2025-10-24 00:13:02 | ERROR    | DB       |                     | failed to connect to `user=broker database=example`: 172.30.30.236:5432 (172.30.30.236): dial error: timeout: dial tcp 172.30.30.236:5432: connect: operation timed out [75001.559ms] [rows:0] DELETE FROM auth_users_blocked WHERE blocked_at <= '2025-10-23 20:11:47.1'
